filename,sha256
01_simapro_version_10.4.0.0_faculty.png,fb082612c3cd72a6fa38edab4cc0d7a8e0a5c9d7102a4ca7075e0059bc357dc6
02_metodo_environmental_footprint_3.1_adapted_v1.05.png,f255575bf381e9c246556cc31c2d9ce5a240e19279d02372dd5fc1ed5b4c7402
03_metodo_ef31_adaptaciones_simapro.png,eee5bf4c7e4d67f8d21f4d69f3f3c965555a4fe77b348a54ee8fd2056e4584cc
04_factor_n2o_273.png,6dfedc2624945ee33c54352428ad33e37ca5a7b006c40dcb50eda2e289390abe
05_factores_ch4_biogenico_fosil_27_29.8.png,d425770da59378280a42eacc852170b1b7dde56136accb977e4821e0af84ae7e
06_factor_co2_fosil_1.png,611be9f5875190d9472c7b0f55ad61aa7404aa7be46699717d3a19a6aaaa367b
07_factor_nh3_marino_0.092.png,bdab5ff7e1251b8389b0eb6178478c060222e6aa6f5a93d8bc247a4b4431c522
07b_factor_nh3_terrestre_13.47.png,20f5a67762aa78e6ff55d04516636f05a8464d770a50eb1fde8a3aa87eb66a32
08_factor_nox_terrestre_4.26.png,869842a73cae77c21a8d1f4028fcc03df97dae25076b1bb814c99abd9bbb8cbf
09_factor_nox_marino_0.389.png,379ef21a1b0a9d5952e8d48f25971ec6d57245b67dfebaa9f92494356192e683
10_factor_no3_marino_0.226.png,2a04ed4cb30bf9d46fc6827ce68198a411b1d242f58b3f71689b84a414cb9753
11_unitario_n2o_1kg_resultado.png,17bae91ac857873f82ffffd7ea3d39cb83fcd054c80804f063410293b3bcb131
12_unitario_ch4_biogenico_1kg_resultado.png,bcd7118875a36edcdb0257c39bc2f098e834ac6f1983b764d56974962906f0bf
13_unitario_nh3_1kg_resultado.png,160caa1230bb43f46d01615786728ca99ec3412d17c2634e9665928a86f34d5e
14_unitario_nox_1kg_resultado.png,30cc26a08d6599ac996a74857ffe5760779fe530603e89127deda45ad28a6c55
15_unitario_no3_1kg_resultado.png,40366d775b014a5f44a6b437a9c436056d5ac8df61f2bab1cc95d911a62ad517
16_inventario_escenario_A_provisional_m1_m2.png,d4376ca8779ec5a49473d0b2f6ae5fc94356e89e5d0fbc4011d168bb6ab9820d
17_inventario_escenario_B_provisional_m1_m2.png,9ad6376eeb86da0d2b3ca6936e0339ce3aab9f39b046c09b3692a79687bdf1e7
18_resultados_escenario_A_provisional_m1_m2.pdf,c30023a95c75b3cb9e91ef326ae22f3f53e856dc3561f35187dcd3197421f061
19_resultados_escenario_B_provisional_m1_m2.pdf,fe1cbf12f640b391aef07ade26aad6c58480fb916465326273ef48b829dbfef8
README.md,7435644718cd72b771ede7628c9be9bea73756ecf6a4ef88dc7bb03b5de4e2bf
