flujo_elemental,especie_quimica,compartimento,categoria_impacto,factor,unidad_factor,metodo,version,fuente_oficial,observaciones
Methane biogenic,CH4,air unspecified,Cambio climático,27,kg CO2-eq/kg CH4,Environmental Footprint,3.1,JRC130796 y EF-LCIAMethod_CF(EF-v3.1).xlsx,Metano biogénico procedente del manejo del estiércol
Nitrous oxide,N2O,air unspecified,Cambio climático,273,kg CO2-eq/kg N2O,Environmental Footprint,3.1,JRC130796 y EF-LCIAMethod_CF(EF-v3.1).xlsx,El inventario está expresado como N2O y no N2O-N
Ammonia,NH3,air unspecified,Eutrofización terrestre,13.47,mol N-eq/kg NH3,Environmental Footprint,3.1,EF-LCIAMethod_CF(EF-v3.1).xlsx,Amoniaco expresado como NH3
Ammonia,NH3,air unspecified,Eutrofización marina,0.092,kg N-eq/kg NH3,Environmental Footprint,3.1,EF-LCIAMethod_CF(EF-v3.1).xlsx,Amoniaco expresado como NH3
Nitrogen oxides,NOx as NO2,air unspecified,Eutrofización terrestre,4.26,mol N-eq/kg NOx as NO2,Environmental Footprint,3.1,EF-LCIAMethod_CF(EF-v3.1).xlsx,NOx en base másica equivalente a NO2
Nitrogen oxides,NOx as NO2,air unspecified,Eutrofización marina,0.389,kg N-eq/kg NOx as NO2,Environmental Footprint,3.1,EF-LCIAMethod_CF(EF-v3.1).xlsx,NOx en base másica equivalente a NO2
Nitrate,NO3,fresh water,Eutrofización marina,0.226,kg N-eq/kg NO3,Environmental Footprint,3.1,EF-LCIAMethod_CF(EF-v3.1).xlsx,Receptor continental final adoptado para lixiviación y escorrentía
Carbon dioxide (fossil),CO2,air unspecified,Cambio climático,1,kg CO2-eq/kg CO2,Environmental Footprint,3.1,"JRC130796, sección 3.1, tabla 3, p. 9; https://publications.jrc.ec.europa.eu/repository/bitstream/JRC130796/JRC130796_01.pdf",Emisión a aire de origen fósil por combustión de diésel; GWP100; nomenclatura de la tabla 3 del JRC
Methane (fossil),CH4,air unspecified,Cambio climático,29.8,kg CO2-eq/kg CH4,Environmental Footprint,3.1,"JRC130796, sección 3.1, tabla 3, p. 9; https://publications.jrc.ec.europa.eu/repository/bitstream/JRC130796/JRC130796_01.pdf",Emisión a aire de origen fósil por combustión de diésel; GWP100; nomenclatura de la tabla 3 del JRC
