jornada_muestreo,fecha_muestreo,fecha_recepcion,fecha_analisis,tipo_material,identificador_muestra,identificador_muestra_origen,repeticion_muestra,replica_analitica,nivel_observacion,variable,valor,unidad,base_medicion,condicion_muestra,incertidumbre,laboratorio,metodo_analitico,fuente_metodo_analitico,archivo_origen,hoja_origen,celda_o_fila_origen,id_reporte_laboratorio,uso_modelo,motivo_uso_modelo,nota_precision_reporte,bandera_calidad
M1,10/11/2025,11/11/25,Del 13 al 14 de noviembre del 2025,estiércol fresco,M1-EF-1,A. Fresco 2,1,1,replica_analitica,N total,0.32,% masa,masa fresca,,0.04,LASA,Kjeldahl,Procedimiento descrito en las páginas 1 y 2 del informe LASA 129-25.,Academic_documents/resultados CIA y LASA muestreo 1/129-25 Contenido de nitrogeno - firmado.pdf,página 1,"muestra A, réplica 1",129-25,elegible,N total determinado por Kjeldahl en estiércol fresco.,,
M1,10/11/2025,11/11/25,Del 13 al 14 de noviembre del 2025,estiércol fresco,M1-EF-1,A. Fresco 2,1,2,replica_analitica,N total,0.48,% masa,masa fresca,,0.04,LASA,Kjeldahl,Procedimiento descrito en las páginas 1 y 2 del informe LASA 129-25.,Academic_documents/resultados CIA y LASA muestreo 1/129-25 Contenido de nitrogeno - firmado.pdf,página 1,"muestra A, réplica 2",129-25,elegible,N total determinado por Kjeldahl en estiércol fresco.,,
M1,10/11/2025,11/11/25,Del 13 al 14 de noviembre del 2025,estiércol fresco,M1-EF-1,A. Fresco 2,1,3,replica_analitica,N total,0.41,% masa,masa fresca,,0.04,LASA,Kjeldahl,Procedimiento descrito en las páginas 1 y 2 del informe LASA 129-25.,Academic_documents/resultados CIA y LASA muestreo 1/129-25 Contenido de nitrogeno - firmado.pdf,página 1,"muestra A, réplica 3",129-25,elegible,N total determinado por Kjeldahl en estiércol fresco.,,
M1,10/11/2025,11/11/25,Del 13 al 14 de noviembre del 2025,estiércol fresco,M1-EF-2,B. Fresco 3,2,1,replica_analitica,N total,0.35,% masa,masa fresca,,0.04,LASA,Kjeldahl,Procedimiento descrito en las páginas 1 y 2 del informe LASA 129-25.,Academic_documents/resultados CIA y LASA muestreo 1/129-25 Contenido de nitrogeno - firmado.pdf,página 1,"muestra B, réplica 1",129-25,elegible,N total determinado por Kjeldahl en estiércol fresco.,,
M1,10/11/2025,11/11/25,Del 13 al 14 de noviembre del 2025,estiércol fresco,M1-EF-2,B. Fresco 3,2,2,replica_analitica,N total,0.33,% masa,masa fresca,,0.04,LASA,Kjeldahl,Procedimiento descrito en las páginas 1 y 2 del informe LASA 129-25.,Academic_documents/resultados CIA y LASA muestreo 1/129-25 Contenido de nitrogeno - firmado.pdf,página 1,"muestra B, réplica 2",129-25,elegible,N total determinado por Kjeldahl en estiércol fresco.,,
M1,10/11/2025,11/11/25,Del 13 al 14 de noviembre del 2025,estiércol fresco,M1-EF-2,B. Fresco 3,2,3,replica_analitica,N total,0.34,% masa,masa fresca,,0.04,LASA,Kjeldahl,Procedimiento descrito en las páginas 1 y 2 del informe LASA 129-25.,Academic_documents/resultados CIA y LASA muestreo 1/129-25 Contenido de nitrogeno - firmado.pdf,página 1,"muestra B, réplica 3",129-25,elegible,N total determinado por Kjeldahl en estiércol fresco.,,
M1,,10/11/2025,21/11/2025,estiércol precompostado,M1-EP-1,SOL: PRECOMPOSTADO 1,1,,muestra_compuesta,N total,2.41,% masa,muestra previamente secada a 80 °C durante 48 h; base final del porcentaje no especificada formalmente por el reporte,Muestra secada a 80 °C durante 48 h; el CIA no determinó humedad a 105 °C porque no fue solicitada.,,CIA,Dumas (combustión seca),"Metodología oficial del Laboratorio de Suelos y Foliares de la Ciudad de la Investigación (CIA), suministrada por el investigador: la muestra de abono sólido se seca a 80 °C durante 48 h, se muele, se criba a 1 mm, se pesan aproximadamente 80–100 mg y se determina N y C por combustión seca de Dumas en un autoanalizador Elementar Vario Macro Cube. El CIA aclaró que no determinó humedad a 105 °C porque no fue solicitada. La metodología y los reportes no especifican formalmente la base final del porcentaje.",Academic_documents/resultados CIA y LASA muestreo 1/AO-00476-00477 (97600) ESCUELA INGENIERIA y de BIOSISTEMAS.xlsx,25-00476 - 25-00477,fila 23,97600,elegible,Caracterización de N y C de estiércol precompostado.,,
M1,,10/11/2025,21/11/2025,estiércol precompostado,M1-EP-1,SOL: PRECOMPOSTADO 1,1,,muestra_compuesta,carbono,35.8,% masa,muestra previamente secada a 80 °C durante 48 h; base final del porcentaje no especificada formalmente por el reporte,Muestra secada a 80 °C durante 48 h; el CIA no determinó humedad a 105 °C porque no fue solicitada.,,CIA,Dumas (combustión seca),"Metodología oficial del Laboratorio de Suelos y Foliares de la Ciudad de la Investigación (CIA), suministrada por el investigador: la muestra de abono sólido se seca a 80 °C durante 48 h, se muele, se criba a 1 mm, se pesan aproximadamente 80–100 mg y se determina N y C por combustión seca de Dumas en un autoanalizador Elementar Vario Macro Cube. El CIA aclaró que no determinó humedad a 105 °C porque no fue solicitada. La metodología y los reportes no especifican formalmente la base final del porcentaje.",Academic_documents/resultados CIA y LASA muestreo 1/AO-00476-00477 (97600) ESCUELA INGENIERIA y de BIOSISTEMAS.xlsx,25-00476 - 25-00477,fila 23,97600,solo_caracterizacion,Variable conservada para caracterización y trazabilidad; no es un parámetro consumido actualmente por el modelo ACV.,,
M1,,10/11/2025,21/11/2025,estiércol precompostado,M1-EP-2,SOL: PRECOMPOSTADO 2,2,,muestra_compuesta,N total,2.44,% masa,muestra previamente secada a 80 °C durante 48 h; base final del porcentaje no especificada formalmente por el reporte,Muestra secada a 80 °C durante 48 h; el CIA no determinó humedad a 105 °C porque no fue solicitada.,,CIA,Dumas (combustión seca),"Metodología oficial del Laboratorio de Suelos y Foliares de la Ciudad de la Investigación (CIA), suministrada por el investigador: la muestra de abono sólido se seca a 80 °C durante 48 h, se muele, se criba a 1 mm, se pesan aproximadamente 80–100 mg y se determina N y C por combustión seca de Dumas en un autoanalizador Elementar Vario Macro Cube. El CIA aclaró que no determinó humedad a 105 °C porque no fue solicitada. La metodología y los reportes no especifican formalmente la base final del porcentaje.",Academic_documents/resultados CIA y LASA muestreo 1/AO-00476-00477 (97600) ESCUELA INGENIERIA y de BIOSISTEMAS.xlsx,25-00476 - 25-00477,fila 24,97600,elegible,Caracterización de N y C de estiércol precompostado.,,
M1,,10/11/2025,21/11/2025,estiércol precompostado,M1-EP-2,SOL: PRECOMPOSTADO 2,2,,muestra_compuesta,carbono,35.69,% masa,muestra previamente secada a 80 °C durante 48 h; base final del porcentaje no especificada formalmente por el reporte,Muestra secada a 80 °C durante 48 h; el CIA no determinó humedad a 105 °C porque no fue solicitada.,,CIA,Dumas (combustión seca),"Metodología oficial del Laboratorio de Suelos y Foliares de la Ciudad de la Investigación (CIA), suministrada por el investigador: la muestra de abono sólido se seca a 80 °C durante 48 h, se muele, se criba a 1 mm, se pesan aproximadamente 80–100 mg y se determina N y C por combustión seca de Dumas en un autoanalizador Elementar Vario Macro Cube. El CIA aclaró que no determinó humedad a 105 °C porque no fue solicitada. La metodología y los reportes no especifican formalmente la base final del porcentaje.",Academic_documents/resultados CIA y LASA muestreo 1/AO-00476-00477 (97600) ESCUELA INGENIERIA y de BIOSISTEMAS.xlsx,25-00476 - 25-00477,fila 24,97600,solo_caracterizacion,Variable conservada para caracterización y trazabilidad; no es un parámetro consumido actualmente por el modelo ACV.,,
M1,,10/11/2025,21/11/2025,aguas verdes,M1-AV-1,LIQ: AGUA VERDE 1,1,,muestra_compuesta,N ureico,0.576,mg/L,volumen,,,CIA,especiación,"El informe CIA 97601 reporta por separado N-NH4+, N-NO3- y N ureico.",Academic_documents/resultados CIA y LASA muestreo 1/AO-00478-00479 (97601) ESCUELA INGENIERIA y de BIOSISTEMAS.xlsx,25-00478 - 25-00479(2),fila 23,97601,solo_trazabilidad,La especiación de M1 no es directamente comparable con el N total Kjeldahl de M2/M3.,,
M1,,10/11/2025,21/11/2025,aguas verdes,M1-AV-1,LIQ: AGUA VERDE 1,1,,muestra_compuesta,N amoniacal,70.44,mg/L,volumen,,,CIA,especiación,"El informe CIA 97601 reporta por separado N-NH4+, N-NO3- y N ureico.",Academic_documents/resultados CIA y LASA muestreo 1/AO-00478-00479 (97601) ESCUELA INGENIERIA y de BIOSISTEMAS.xlsx,25-00478 - 25-00479(2),fila 23,97601,solo_trazabilidad,La especiación de M1 no es directamente comparable con el N total Kjeldahl de M2/M3.,,
M1,,10/11/2025,21/11/2025,aguas verdes,M1-AV-1,LIQ: AGUA VERDE 1,1,,muestra_compuesta,N nítrico,0.89,mg/L,volumen,,,CIA,especiación,"El informe CIA 97601 reporta por separado N-NH4+, N-NO3- y N ureico.",Academic_documents/resultados CIA y LASA muestreo 1/AO-00478-00479 (97601) ESCUELA INGENIERIA y de BIOSISTEMAS.xlsx,25-00478 - 25-00479(2),fila 23,97601,solo_trazabilidad,La especiación de M1 no es directamente comparable con el N total Kjeldahl de M2/M3.,,
M1,,10/11/2025,21/11/2025,aguas verdes,M1-AV-1,LIQ: AGUA VERDE 1,1,,muestra_compuesta,densidad,1.0,g/mL,no especificada,,,CIA,densidad reportada,Valor de densidad consignado en el informe CIA; el procedimiento no se describe.,Academic_documents/resultados CIA y LASA muestreo 1/AO-00478-00479 (97601) ESCUELA INGENIERIA y de BIOSISTEMAS.xlsx,25-00478 - 25-00479(2),fila 23,97601,solo_caracterizacion,Variable conservada para caracterización y trazabilidad; no es un parámetro consumido actualmente por el modelo ACV.,,
M1,,10/11/2025,21/11/2025,aguas verdes,M1-AV-2,LIQ: AGUA VERDE 2,2,,muestra_compuesta,N ureico,0.8094,mg/L,volumen,,,CIA,especiación,"El informe CIA 97601 reporta por separado N-NH4+, N-NO3- y N ureico.",Academic_documents/resultados CIA y LASA muestreo 1/AO-00478-00479 (97601) ESCUELA INGENIERIA y de BIOSISTEMAS.xlsx,25-00478 - 25-00479(2),fila 24,97601,solo_trazabilidad,La especiación de M1 no es directamente comparable con el N total Kjeldahl de M2/M3.,,
M1,,10/11/2025,21/11/2025,aguas verdes,M1-AV-2,LIQ: AGUA VERDE 2,2,,muestra_compuesta,N amoniacal,69.9,mg/L,volumen,,,CIA,especiación,"El informe CIA 97601 reporta por separado N-NH4+, N-NO3- y N ureico.",Academic_documents/resultados CIA y LASA muestreo 1/AO-00478-00479 (97601) ESCUELA INGENIERIA y de BIOSISTEMAS.xlsx,25-00478 - 25-00479(2),fila 24,97601,solo_trazabilidad,La especiación de M1 no es directamente comparable con el N total Kjeldahl de M2/M3.,,
M1,,10/11/2025,21/11/2025,aguas verdes,M1-AV-2,LIQ: AGUA VERDE 2,2,,muestra_compuesta,N nítrico,1.1,mg/L,volumen,,,CIA,especiación,"El informe CIA 97601 reporta por separado N-NH4+, N-NO3- y N ureico.",Academic_documents/resultados CIA y LASA muestreo 1/AO-00478-00479 (97601) ESCUELA INGENIERIA y de BIOSISTEMAS.xlsx,25-00478 - 25-00479(2),fila 24,97601,solo_trazabilidad,La especiación de M1 no es directamente comparable con el N total Kjeldahl de M2/M3.,,
M1,,10/11/2025,21/11/2025,aguas verdes,M1-AV-2,LIQ: AGUA VERDE 2,2,,muestra_compuesta,densidad,1.0,g/mL,no especificada,,,CIA,densidad reportada,Valor de densidad consignado en el informe CIA; el procedimiento no se describe.,Academic_documents/resultados CIA y LASA muestreo 1/AO-00478-00479 (97601) ESCUELA INGENIERIA y de BIOSISTEMAS.xlsx,25-00478 - 25-00479(2),fila 24,97601,solo_caracterizacion,Variable conservada para caracterización y trazabilidad; no es un parámetro consumido actualmente por el modelo ACV.,,
M1,,17/11/2025,28/11/2025,purines,M1-PU-1,LIQ: PURINES 1,1,,muestra_compuesta,N amoniacal,107.4,mg/L,volumen,,,CIA,especiación,"El informe CIA 97679 reporta por separado N-NH4+, N-NO3- y N ureico.",Academic_documents/resultados CIA y LASA muestreo 1/AO-00504-00505 (97679) MATEO CERDAS BARBOZA.xlsx,25-00504 - 25-00505,fila 23,97679,solo_trazabilidad,La especiación de M1 no es directamente comparable con el N total Kjeldahl de M2/M3.,,
M1,,17/11/2025,28/11/2025,purines,M1-PU-1,LIQ: PURINES 1,1,,muestra_compuesta,N nítrico,0.18,mg/L,volumen,,,CIA,especiación,"El informe CIA 97679 reporta por separado N-NH4+, N-NO3- y N ureico.",Academic_documents/resultados CIA y LASA muestreo 1/AO-00504-00505 (97679) MATEO CERDAS BARBOZA.xlsx,25-00504 - 25-00505,fila 23,97679,solo_trazabilidad,La especiación de M1 no es directamente comparable con el N total Kjeldahl de M2/M3.,,
M1,,17/11/2025,28/11/2025,purines,M1-PU-1,LIQ: PURINES 1,1,,muestra_compuesta,N ureico,2.18,mg/L,volumen,,,CIA,especiación,"El informe CIA 97679 reporta por separado N-NH4+, N-NO3- y N ureico.",Academic_documents/resultados CIA y LASA muestreo 1/AO-00504-00505 (97679) MATEO CERDAS BARBOZA.xlsx,25-00504 - 25-00505,fila 23,97679,solo_trazabilidad,La especiación de M1 no es directamente comparable con el N total Kjeldahl de M2/M3.,,
M1,,17/11/2025,28/11/2025,purines,M1-PU-1,LIQ: PURINES 1,1,,muestra_compuesta,densidad,1.0,g/mL,no especificada,,,CIA,densidad reportada,Valor de densidad consignado en el informe CIA; el procedimiento no se describe.,Academic_documents/resultados CIA y LASA muestreo 1/AO-00504-00505 (97679) MATEO CERDAS BARBOZA.xlsx,25-00504 - 25-00505,fila 23,97679,solo_caracterizacion,Variable conservada para caracterización y trazabilidad; no es un parámetro consumido actualmente por el modelo ACV.,,
M1,,17/11/2025,28/11/2025,purines,M1-PU-2,LIQ: PURINES 2,2,,muestra_compuesta,N amoniacal,116.5,mg/L,volumen,,,CIA,especiación,"El informe CIA 97679 reporta por separado N-NH4+, N-NO3- y N ureico.",Academic_documents/resultados CIA y LASA muestreo 1/AO-00504-00505 (97679) MATEO CERDAS BARBOZA.xlsx,25-00504 - 25-00505,fila 24,97679,solo_trazabilidad,La especiación de M1 no es directamente comparable con el N total Kjeldahl de M2/M3.,,
M1,,17/11/2025,28/11/2025,purines,M1-PU-2,LIQ: PURINES 2,2,,muestra_compuesta,N nítrico,0.2,mg/L,volumen,,,CIA,especiación,"El informe CIA 97679 reporta por separado N-NH4+, N-NO3- y N ureico.",Academic_documents/resultados CIA y LASA muestreo 1/AO-00504-00505 (97679) MATEO CERDAS BARBOZA.xlsx,25-00504 - 25-00505,fila 24,97679,solo_trazabilidad,La especiación de M1 no es directamente comparable con el N total Kjeldahl de M2/M3.,,
M1,,17/11/2025,28/11/2025,purines,M1-PU-2,LIQ: PURINES 2,2,,muestra_compuesta,N ureico,2.22,mg/L,volumen,,,CIA,especiación,"El informe CIA 97679 reporta por separado N-NH4+, N-NO3- y N ureico.",Academic_documents/resultados CIA y LASA muestreo 1/AO-00504-00505 (97679) MATEO CERDAS BARBOZA.xlsx,25-00504 - 25-00505,fila 24,97679,solo_trazabilidad,La especiación de M1 no es directamente comparable con el N total Kjeldahl de M2/M3.,,
M1,,17/11/2025,28/11/2025,purines,M1-PU-2,LIQ: PURINES 2,2,,muestra_compuesta,densidad,1.0,g/mL,no especificada,,,CIA,densidad reportada,Valor de densidad consignado en el informe CIA; el procedimiento no se describe.,Academic_documents/resultados CIA y LASA muestreo 1/AO-00504-00505 (97679) MATEO CERDAS BARBOZA.xlsx,25-00504 - 25-00505,fila 24,97679,solo_caracterizacion,Variable conservada para caracterización y trazabilidad; no es un parámetro consumido actualmente por el modelo ACV.,,
M1,2025-11-10,,,estiércol fresco,M1-EF-1,A11,1,1,replica_analitica,humedad,86.2430278884462,%,masa fresca,,,no documentado,gravimetría,Procedimiento y masas primarias registrados en las hojas Procedure y Data.,Academic_documents/resultados CIA y LASA muestreo 1/Material_laboratorio_copy_to_work_python.xlsx,Data,A11 / AI11,,elegible,Caracterización gravimétrica primaria de sólidos.,,
M1,2025-11-10,,,estiércol fresco,M1-EF-1,A11,1,1,replica_analitica,materia seca,13.756972111553784,%,masa fresca,,,no documentado,gravimetría,Procedimiento y masas primarias registrados en las hojas Procedure y Data.,Academic_documents/resultados CIA y LASA muestreo 1/Material_laboratorio_copy_to_work_python.xlsx,Data,A11 / AI11,,elegible,Caracterización gravimétrica primaria de sólidos.,,
M1,2025-11-10,,,estiércol fresco,M1-EF-1,A11,1,1,replica_analitica,cenizas,15.29171130807479,%,masa seca,,,no documentado,gravimetría,Procedimiento y masas primarias registrados en las hojas Procedure y Data.,Academic_documents/resultados CIA y LASA muestreo 1/Material_laboratorio_copy_to_work_python.xlsx,Data,A11 / AI11,,elegible,Caracterización gravimétrica primaria de sólidos.,,
M1,2025-11-10,,,estiércol fresco,M1-EF-1,A11,1,1,replica_analitica,sólidos volátiles,84.7082886919252,%,masa seca,,,no documentado,gravimetría,Procedimiento y masas primarias registrados en las hojas Procedure y Data.,Academic_documents/resultados CIA y LASA muestreo 1/Material_laboratorio_copy_to_work_python.xlsx,Data,A11 / AI11,,elegible,Caracterización gravimétrica primaria de sólidos.,,
M1,2025-11-10,,,estiércol fresco,M1-EF-1,A12,1,2,replica_analitica,humedad,86.08582834331332,%,masa fresca,,,no documentado,gravimetría,Procedimiento y masas primarias registrados en las hojas Procedure y Data.,Academic_documents/resultados CIA y LASA muestreo 1/Material_laboratorio_copy_to_work_python.xlsx,Data,A12 / AI12,,elegible,Caracterización gravimétrica primaria de sólidos.,,
M1,2025-11-10,,,estiércol fresco,M1-EF-1,A12,1,2,replica_analitica,materia seca,13.914171656686673,%,masa fresca,,,no documentado,gravimetría,Procedimiento y masas primarias registrados en las hojas Procedure y Data.,Academic_documents/resultados CIA y LASA muestreo 1/Material_laboratorio_copy_to_work_python.xlsx,Data,A12 / AI12,,elegible,Caracterización gravimétrica primaria de sólidos.,,
M1,2025-11-10,,,estiércol fresco,M1-EF-1,A12,1,2,replica_analitica,cenizas,13.746996761725564,%,masa seca,,,no documentado,gravimetría,Procedimiento y masas primarias registrados en las hojas Procedure y Data.,Academic_documents/resultados CIA y LASA muestreo 1/Material_laboratorio_copy_to_work_python.xlsx,Data,A12 / AI12,,elegible,Caracterización gravimétrica primaria de sólidos.,,
M1,2025-11-10,,,estiércol fresco,M1-EF-1,A12,1,2,replica_analitica,sólidos volátiles,86.25300323827443,%,masa seca,,,no documentado,gravimetría,Procedimiento y masas primarias registrados en las hojas Procedure y Data.,Academic_documents/resultados CIA y LASA muestreo 1/Material_laboratorio_copy_to_work_python.xlsx,Data,A12 / AI12,,elegible,Caracterización gravimétrica primaria de sólidos.,,
M1,2025-11-10,,,estiércol fresco,M1-EF-1,A13,1,3,replica_analitica,humedad,86.29695181907572,%,masa fresca,,,no documentado,gravimetría,Procedimiento y masas primarias registrados en las hojas Procedure y Data.,Academic_documents/resultados CIA y LASA muestreo 1/Material_laboratorio_copy_to_work_python.xlsx,Data,A13 / AI13,,elegible,Caracterización gravimétrica primaria de sólidos.,,
M1,2025-11-10,,,estiércol fresco,M1-EF-1,A13,1,3,replica_analitica,materia seca,13.703048180924288,%,masa fresca,,,no documentado,gravimetría,Procedimiento y masas primarias registrados en las hojas Procedure y Data.,Academic_documents/resultados CIA y LASA muestreo 1/Material_laboratorio_copy_to_work_python.xlsx,Data,A13 / AI13,,elegible,Caracterización gravimétrica primaria de sólidos.,,
M1,2025-11-10,,,estiércol fresco,M1-EF-1,A13,1,3,replica_analitica,cenizas,14.746636998078392,%,masa seca,,,no documentado,gravimetría,Procedimiento y masas primarias registrados en las hojas Procedure y Data.,Academic_documents/resultados CIA y LASA muestreo 1/Material_laboratorio_copy_to_work_python.xlsx,Data,A13 / AI13,,elegible,Caracterización gravimétrica primaria de sólidos.,,
M1,2025-11-10,,,estiércol fresco,M1-EF-1,A13,1,3,replica_analitica,sólidos volátiles,85.25336300192161,%,masa seca,,,no documentado,gravimetría,Procedimiento y masas primarias registrados en las hojas Procedure y Data.,Academic_documents/resultados CIA y LASA muestreo 1/Material_laboratorio_copy_to_work_python.xlsx,Data,A13 / AI13,,elegible,Caracterización gravimétrica primaria de sólidos.,,
M1,2025-11-10,,,estiércol fresco,M1-EF-2,A21,2,1,replica_analitica,humedad,84.95715676728331,%,masa fresca,,,no documentado,gravimetría,Procedimiento y masas primarias registrados en las hojas Procedure y Data.,Academic_documents/resultados CIA y LASA muestreo 1/Material_laboratorio_copy_to_work_python.xlsx,Data,A21 / AI21,,elegible,Caracterización gravimétrica primaria de sólidos.,,
M1,2025-11-10,,,estiércol fresco,M1-EF-2,A21,2,1,replica_analitica,materia seca,15.042843232716699,%,masa fresca,,,no documentado,gravimetría,Procedimiento y masas primarias registrados en las hojas Procedure y Data.,Academic_documents/resultados CIA y LASA muestreo 1/Material_laboratorio_copy_to_work_python.xlsx,Data,A21 / AI21,,elegible,Caracterización gravimétrica primaria de sólidos.,,
M1,2025-11-10,,,estiércol fresco,M1-EF-2,A21,2,1,replica_analitica,cenizas,11.91661188844013,%,masa seca,,,no documentado,gravimetría,Procedimiento y masas primarias registrados en las hojas Procedure y Data.,Academic_documents/resultados CIA y LASA muestreo 1/Material_laboratorio_copy_to_work_python.xlsx,Data,A21 / AI21,,elegible,Caracterización gravimétrica primaria de sólidos.,,
M1,2025-11-10,,,estiércol fresco,M1-EF-2,A21,2,1,replica_analitica,sólidos volátiles,88.08338811155987,%,masa seca,,,no documentado,gravimetría,Procedimiento y masas primarias registrados en las hojas Procedure y Data.,Academic_documents/resultados CIA y LASA muestreo 1/Material_laboratorio_copy_to_work_python.xlsx,Data,A21 / AI21,,elegible,Caracterización gravimétrica primaria de sólidos.,,
M1,2025-11-10,,,estiércol fresco,M1-EF-2,A22,2,2,replica_analitica,humedad,85.61942517343904,%,masa fresca,,,no documentado,gravimetría,Procedimiento y masas primarias registrados en las hojas Procedure y Data.,Academic_documents/resultados CIA y LASA muestreo 1/Material_laboratorio_copy_to_work_python.xlsx,Data,A22 / AI22,,elegible,Caracterización gravimétrica primaria de sólidos.,,
M1,2025-11-10,,,estiércol fresco,M1-EF-2,A22,2,2,replica_analitica,materia seca,14.380574826560952,%,masa fresca,,,no documentado,gravimetría,Procedimiento y masas primarias registrados en las hojas Procedure y Data.,Academic_documents/resultados CIA y LASA muestreo 1/Material_laboratorio_copy_to_work_python.xlsx,Data,A22 / AI22,,elegible,Caracterización gravimétrica primaria de sólidos.,,
M1,2025-11-10,,,estiércol fresco,M1-EF-2,A22,2,2,replica_analitica,cenizas,13.7668834417207,%,masa seca,,,no documentado,gravimetría,Procedimiento y masas primarias registrados en las hojas Procedure y Data.,Academic_documents/resultados CIA y LASA muestreo 1/Material_laboratorio_copy_to_work_python.xlsx,Data,A22 / AI22,,elegible,Caracterización gravimétrica primaria de sólidos.,,
M1,2025-11-10,,,estiércol fresco,M1-EF-2,A22,2,2,replica_analitica,sólidos volátiles,86.2331165582793,%,masa seca,,,no documentado,gravimetría,Procedimiento y masas primarias registrados en las hojas Procedure y Data.,Academic_documents/resultados CIA y LASA muestreo 1/Material_laboratorio_copy_to_work_python.xlsx,Data,A22 / AI22,,elegible,Caracterización gravimétrica primaria de sólidos.,,
M1,2025-11-10,,,estiércol fresco,M1-EF-2,A23,2,3,replica_analitica,humedad,85.41658440276407,%,masa fresca,,,no documentado,gravimetría,Procedimiento y masas primarias registrados en las hojas Procedure y Data.,Academic_documents/resultados CIA y LASA muestreo 1/Material_laboratorio_copy_to_work_python.xlsx,Data,A23 / AI23,,elegible,Caracterización gravimétrica primaria de sólidos.,,
M1,2025-11-10,,,estiércol fresco,M1-EF-2,A23,2,3,replica_analitica,materia seca,14.583415597235923,%,masa fresca,,,no documentado,gravimetría,Procedimiento y masas primarias registrados en las hojas Procedure y Data.,Academic_documents/resultados CIA y LASA muestreo 1/Material_laboratorio_copy_to_work_python.xlsx,Data,A23 / AI23,,elegible,Caracterización gravimétrica primaria de sólidos.,,
M1,2025-11-10,,,estiércol fresco,M1-EF-2,A23,2,3,replica_analitica,cenizas,15.269205203684239,%,masa seca,,,no documentado,gravimetría,Procedimiento y masas primarias registrados en las hojas Procedure y Data.,Academic_documents/resultados CIA y LASA muestreo 1/Material_laboratorio_copy_to_work_python.xlsx,Data,A23 / AI23,,elegible,Caracterización gravimétrica primaria de sólidos.,,
M1,2025-11-10,,,estiércol fresco,M1-EF-2,A23,2,3,replica_analitica,sólidos volátiles,84.73079479631576,%,masa seca,,,no documentado,gravimetría,Procedimiento y masas primarias registrados en las hojas Procedure y Data.,Academic_documents/resultados CIA y LASA muestreo 1/Material_laboratorio_copy_to_work_python.xlsx,Data,A23 / AI23,,elegible,Caracterización gravimétrica primaria de sólidos.,,
M1,2025-11-10,,,estiércol precompostado,M1-EP-1,B11,1,1,replica_analitica,humedad,80.23785926660054,%,masa fresca,,,no documentado,gravimetría,Procedimiento y masas primarias registrados en las hojas Procedure y Data.,Academic_documents/resultados CIA y LASA muestreo 1/Material_laboratorio_copy_to_work_python.xlsx,Data,B11 / BI11,,elegible,Caracterización gravimétrica primaria de sólidos.,,
M1,2025-11-10,,,estiércol precompostado,M1-EP-1,B11,1,1,replica_analitica,materia seca,19.762140733399466,%,masa fresca,,,no documentado,gravimetría,Procedimiento y masas primarias registrados en las hojas Procedure y Data.,Academic_documents/resultados CIA y LASA muestreo 1/Material_laboratorio_copy_to_work_python.xlsx,Data,B11 / BI11,,elegible,Caracterización gravimétrica primaria de sólidos.,,
M1,2025-11-10,,,estiércol precompostado,M1-EP-1,B11,1,1,replica_analitica,cenizas,26.024008063776954,%,masa seca,,,no documentado,gravimetría,Procedimiento y masas primarias registrados en las hojas Procedure y Data.,Academic_documents/resultados CIA y LASA muestreo 1/Material_laboratorio_copy_to_work_python.xlsx,Data,B11 / BI11,,elegible,Caracterización gravimétrica primaria de sólidos.,,
M1,2025-11-10,,,estiércol precompostado,M1-EP-1,B11,1,1,replica_analitica,sólidos volátiles,73.97599193622304,%,masa seca,,,no documentado,gravimetría,Procedimiento y masas primarias registrados en las hojas Procedure y Data.,Academic_documents/resultados CIA y LASA muestreo 1/Material_laboratorio_copy_to_work_python.xlsx,Data,B11 / BI11,,elegible,Caracterización gravimétrica primaria de sólidos.,,
M1,2025-11-10,,,estiércol precompostado,M1-EP-1,B12,1,2,replica_analitica,humedad,80.22622622622622,%,masa fresca,,,no documentado,gravimetría,Procedimiento y masas primarias registrados en las hojas Procedure y Data.,Academic_documents/resultados CIA y LASA muestreo 1/Material_laboratorio_copy_to_work_python.xlsx,Data,B12 / BI12,,elegible,Caracterización gravimétrica primaria de sólidos.,,
M1,2025-11-10,,,estiércol precompostado,M1-EP-1,B12,1,2,replica_analitica,materia seca,19.77377377377379,%,masa fresca,,,no documentado,gravimetría,Procedimiento y masas primarias registrados en las hojas Procedure y Data.,Academic_documents/resultados CIA y LASA muestreo 1/Material_laboratorio_copy_to_work_python.xlsx,Data,B12 / BI12,,elegible,Caracterización gravimétrica primaria de sólidos.,,
M1,2025-11-10,,,estiércol precompostado,M1-EP-1,B12,1,2,replica_analitica,cenizas,24.189291101056355,%,masa seca,,,no documentado,gravimetría,Procedimiento y masas primarias registrados en las hojas Procedure y Data.,Academic_documents/resultados CIA y LASA muestreo 1/Material_laboratorio_copy_to_work_python.xlsx,Data,B12 / BI12,,elegible,Caracterización gravimétrica primaria de sólidos.,,
M1,2025-11-10,,,estiércol precompostado,M1-EP-1,B12,1,2,replica_analitica,sólidos volátiles,75.81070889894364,%,masa seca,,,no documentado,gravimetría,Procedimiento y masas primarias registrados en las hojas Procedure y Data.,Academic_documents/resultados CIA y LASA muestreo 1/Material_laboratorio_copy_to_work_python.xlsx,Data,B12 / BI12,,elegible,Caracterización gravimétrica primaria de sólidos.,,
M1,2025-11-10,,,estiércol precompostado,M1-EP-1,B13,1,3,replica_analitica,humedad,80.64532019704433,%,masa fresca,,,no documentado,gravimetría,Procedimiento y masas primarias registrados en las hojas Procedure y Data.,Academic_documents/resultados CIA y LASA muestreo 1/Material_laboratorio_copy_to_work_python.xlsx,Data,B13 / BI13,,elegible,Caracterización gravimétrica primaria de sólidos.,,
M1,2025-11-10,,,estiércol precompostado,M1-EP-1,B13,1,3,replica_analitica,materia seca,19.354679802955676,%,masa fresca,,,no documentado,gravimetría,Procedimiento y masas primarias registrados en las hojas Procedure y Data.,Academic_documents/resultados CIA y LASA muestreo 1/Material_laboratorio_copy_to_work_python.xlsx,Data,B13 / BI13,,elegible,Caracterización gravimétrica primaria de sólidos.,,
M1,2025-11-10,,,estiércol precompostado,M1-EP-1,B13,1,3,replica_analitica,cenizas,27.882494485662757,%,masa seca,,,no documentado,gravimetría,Procedimiento y masas primarias registrados en las hojas Procedure y Data.,Academic_documents/resultados CIA y LASA muestreo 1/Material_laboratorio_copy_to_work_python.xlsx,Data,B13 / BI13,,elegible,Caracterización gravimétrica primaria de sólidos.,,
M1,2025-11-10,,,estiércol precompostado,M1-EP-1,B13,1,3,replica_analitica,sólidos volátiles,72.11750551433724,%,masa seca,,,no documentado,gravimetría,Procedimiento y masas primarias registrados en las hojas Procedure y Data.,Academic_documents/resultados CIA y LASA muestreo 1/Material_laboratorio_copy_to_work_python.xlsx,Data,B13 / BI13,,elegible,Caracterización gravimétrica primaria de sólidos.,,
M1,2025-11-10,,,estiércol precompostado,M1-EP-2,B21,2,1,replica_analitica,humedad,74.97611940298505,%,masa fresca,,,no documentado,gravimetría,Procedimiento y masas primarias registrados en las hojas Procedure y Data.,Academic_documents/resultados CIA y LASA muestreo 1/Material_laboratorio_copy_to_work_python.xlsx,Data,B21 / BI21,,elegible,Caracterización gravimétrica primaria de sólidos.,,
M1,2025-11-10,,,estiércol precompostado,M1-EP-2,B21,2,1,replica_analitica,materia seca,25.02388059701496,%,masa fresca,,,no documentado,gravimetría,Procedimiento y masas primarias registrados en las hojas Procedure y Data.,Academic_documents/resultados CIA y LASA muestreo 1/Material_laboratorio_copy_to_work_python.xlsx,Data,B21 / BI21,,elegible,Caracterización gravimétrica primaria de sólidos.,,
M1,2025-11-10,,,estiércol precompostado,M1-EP-2,B21,2,1,replica_analitica,cenizas,32.358425753263035,%,masa seca,,,no documentado,gravimetría,Procedimiento y masas primarias registrados en las hojas Procedure y Data.,Academic_documents/resultados CIA y LASA muestreo 1/Material_laboratorio_copy_to_work_python.xlsx,Data,B21 / BI21,,elegible,Caracterización gravimétrica primaria de sólidos.,,
M1,2025-11-10,,,estiércol precompostado,M1-EP-2,B21,2,1,replica_analitica,sólidos volátiles,67.64157424673697,%,masa seca,,,no documentado,gravimetría,Procedimiento y masas primarias registrados en las hojas Procedure y Data.,Academic_documents/resultados CIA y LASA muestreo 1/Material_laboratorio_copy_to_work_python.xlsx,Data,B21 / BI21,,elegible,Caracterización gravimétrica primaria de sólidos.,,
M1,2025-11-10,,,estiércol precompostado,M1-EP-2,B22,2,2,replica_analitica,humedad,74.99999999999997,%,masa fresca,,,no documentado,gravimetría,Procedimiento y masas primarias registrados en las hojas Procedure y Data.,Academic_documents/resultados CIA y LASA muestreo 1/Material_laboratorio_copy_to_work_python.xlsx,Data,B22 / BI22,,elegible,Caracterización gravimétrica primaria de sólidos.,,
M1,2025-11-10,,,estiércol precompostado,M1-EP-2,B22,2,2,replica_analitica,materia seca,25.000000000000018,%,masa fresca,,,no documentado,gravimetría,Procedimiento y masas primarias registrados en las hojas Procedure y Data.,Academic_documents/resultados CIA y LASA muestreo 1/Material_laboratorio_copy_to_work_python.xlsx,Data,B22 / BI22,,elegible,Caracterización gravimétrica primaria de sólidos.,,
M1,2025-11-10,,,estiércol precompostado,M1-EP-2,B22,2,2,replica_analitica,cenizas,31.75002418496677,%,masa seca,,,no documentado,gravimetría,Procedimiento y masas primarias registrados en las hojas Procedure y Data.,Academic_documents/resultados CIA y LASA muestreo 1/Material_laboratorio_copy_to_work_python.xlsx,Data,B22 / BI22,,elegible,Caracterización gravimétrica primaria de sólidos.,,
M1,2025-11-10,,,estiércol precompostado,M1-EP-2,B22,2,2,replica_analitica,sólidos volátiles,68.24997581503322,%,masa seca,,,no documentado,gravimetría,Procedimiento y masas primarias registrados en las hojas Procedure y Data.,Academic_documents/resultados CIA y LASA muestreo 1/Material_laboratorio_copy_to_work_python.xlsx,Data,B22 / BI22,,elegible,Caracterización gravimétrica primaria de sólidos.,,
M1,2025-11-10,,,estiércol precompostado,M1-EP-2,B23,2,3,replica_analitica,humedad,74.47274529236869,%,masa fresca,,,no documentado,gravimetría,Procedimiento y masas primarias registrados en las hojas Procedure y Data.,Academic_documents/resultados CIA y LASA muestreo 1/Material_laboratorio_copy_to_work_python.xlsx,Data,B23 / BI23,,elegible,Caracterización gravimétrica primaria de sólidos.,,
M1,2025-11-10,,,estiércol precompostado,M1-EP-2,B23,2,3,replica_analitica,materia seca,25.527254707631304,%,masa fresca,,,no documentado,gravimetría,Procedimiento y masas primarias registrados en las hojas Procedure y Data.,Academic_documents/resultados CIA y LASA muestreo 1/Material_laboratorio_copy_to_work_python.xlsx,Data,B23 / BI23,,elegible,Caracterización gravimétrica primaria de sólidos.,,
M1,2025-11-10,,,estiércol precompostado,M1-EP-2,B23,2,3,replica_analitica,cenizas,32.0438742532564,%,masa seca,,,no documentado,gravimetría,Procedimiento y masas primarias registrados en las hojas Procedure y Data.,Academic_documents/resultados CIA y LASA muestreo 1/Material_laboratorio_copy_to_work_python.xlsx,Data,B23 / BI23,,elegible,Caracterización gravimétrica primaria de sólidos.,,
M1,2025-11-10,,,estiércol precompostado,M1-EP-2,B23,2,3,replica_analitica,sólidos volátiles,67.9561257467436,%,masa seca,,,no documentado,gravimetría,Procedimiento y masas primarias registrados en las hojas Procedure y Data.,Academic_documents/resultados CIA y LASA muestreo 1/Material_laboratorio_copy_to_work_python.xlsx,Data,B23 / BI23,,elegible,Caracterización gravimétrica primaria de sólidos.,,
M2,,23/07/26,Del 24 de julio al 04 de agosto del 2026,estiércol fresco,M2-EF-1,"A. Fresco 2,1",1,1,replica_analitica,N total,0.66,% masa,masa fresca,,0.02,LASA,Kjeldahl,Procedimiento descrito en las páginas 1 y 2 del informe LASA 043-26.,Academic_documents/resultados CIA y LASA muestreo 2/043-26 Contenido de Nitrogeno-firmado.pdf,página 1,"muestra A, réplica 1",043-26,elegible,N total determinado por Kjeldahl en estiércol fresco.,,
M2,,23/07/26,Del 24 de julio al 04 de agosto del 2026,estiércol fresco,M2-EF-1,"A. Fresco 2,1",1,2,replica_analitica,N total,0.63,% masa,masa fresca,,0.02,LASA,Kjeldahl,Procedimiento descrito en las páginas 1 y 2 del informe LASA 043-26.,Academic_documents/resultados CIA y LASA muestreo 2/043-26 Contenido de Nitrogeno-firmado.pdf,página 1,"muestra A, réplica 2",043-26,elegible,N total determinado por Kjeldahl en estiércol fresco.,,
M2,,23/07/26,Del 24 de julio al 04 de agosto del 2026,estiércol fresco,M2-EF-1,"A. Fresco 2,1",1,3,replica_analitica,N total,0.68,% masa,masa fresca,,0.02,LASA,Kjeldahl,Procedimiento descrito en las páginas 1 y 2 del informe LASA 043-26.,Academic_documents/resultados CIA y LASA muestreo 2/043-26 Contenido de Nitrogeno-firmado.pdf,página 1,"muestra A, réplica 3",043-26,elegible,N total determinado por Kjeldahl en estiércol fresco.,,
M2,,23/07/26,Del 24 de julio al 04 de agosto del 2026,estiércol fresco,M2-EF-2,"B. Fresco 2,2",2,1,replica_analitica,N total,0.63,% masa,masa fresca,,0.05,LASA,Kjeldahl,Procedimiento descrito en las páginas 1 y 2 del informe LASA 043-26.,Academic_documents/resultados CIA y LASA muestreo 2/043-26 Contenido de Nitrogeno-firmado.pdf,página 1,"muestra B, réplica 1",043-26,elegible,N total determinado por Kjeldahl en estiércol fresco.,,
M2,,23/07/26,Del 24 de julio al 04 de agosto del 2026,estiércol fresco,M2-EF-2,"B. Fresco 2,2",2,2,replica_analitica,N total,0.66,% masa,masa fresca,,0.05,LASA,Kjeldahl,Procedimiento descrito en las páginas 1 y 2 del informe LASA 043-26.,Academic_documents/resultados CIA y LASA muestreo 2/043-26 Contenido de Nitrogeno-firmado.pdf,página 1,"muestra B, réplica 2",043-26,elegible,N total determinado por Kjeldahl en estiércol fresco.,,
M2,,23/07/26,Del 24 de julio al 04 de agosto del 2026,estiércol fresco,M2-EF-2,"B. Fresco 2,2",2,3,replica_analitica,N total,0.68,% masa,masa fresca,,0.05,LASA,Kjeldahl,Procedimiento descrito en las páginas 1 y 2 del informe LASA 043-26.,Academic_documents/resultados CIA y LASA muestreo 2/043-26 Contenido de Nitrogeno-firmado.pdf,página 1,"muestra B, réplica 3",043-26,elegible,N total determinado por Kjeldahl en estiércol fresco.,,
M2,,23/07/26,Del 24 de julio al 04 de agosto del 2026,estiércol fresco,M2-EF-3,"C. Fresco 2,3",3,1,replica_analitica,N total,0.67,% masa,masa fresca,,0.03,LASA,Kjeldahl,Procedimiento descrito en las páginas 1 y 2 del informe LASA 043-26.,Academic_documents/resultados CIA y LASA muestreo 2/043-26 Contenido de Nitrogeno-firmado.pdf,página 1,"muestra C, réplica 1",043-26,elegible,N total determinado por Kjeldahl en estiércol fresco.,,
M2,,23/07/26,Del 24 de julio al 04 de agosto del 2026,estiércol fresco,M2-EF-3,"C. Fresco 2,3",3,2,replica_analitica,N total,0.67,% masa,masa fresca,,0.03,LASA,Kjeldahl,Procedimiento descrito en las páginas 1 y 2 del informe LASA 043-26.,Academic_documents/resultados CIA y LASA muestreo 2/043-26 Contenido de Nitrogeno-firmado.pdf,página 1,"muestra C, réplica 2",043-26,elegible,N total determinado por Kjeldahl en estiércol fresco.,,
M2,,23/07/26,Del 24 de julio al 04 de agosto del 2026,estiércol fresco,M2-EF-3,"C. Fresco 2,3",3,3,replica_analitica,N total,0.7,% masa,masa fresca,,0.03,LASA,Kjeldahl,Procedimiento descrito en las páginas 1 y 2 del informe LASA 043-26.,Academic_documents/resultados CIA y LASA muestreo 2/043-26 Contenido de Nitrogeno-firmado.pdf,página 1,"muestra C, réplica 3",043-26,elegible,N total determinado por Kjeldahl en estiércol fresco.,,
M2,,23/07/2026,30/07/2026,aguas verdes,M2-AV-1,LIQ: AGUAS VERDES - 2-1,1,,muestra_compuesta,N total,0.009886,% masa,masa fresca,,,CIA,Kjeldahl,"Metodología oficial del Laboratorio de Suelos y Foliares de la Ciudad de la Investigación (CIA), suministrada por el investigador: para abonos líquidos se digieren 10 g con H2SO4 mediante Kjeldahl, se llevan a 250 mL y se determina N por colorimetría con FIA.",Academic_documents/resultados CIA y LASA muestreo 2/AO-00330-00332 (100750) SEDE DEL ATLANTICO.xlsx,26-00330 - 26-00332,fila 18,100750,elegible,N total de abono líquido por el método oficial CIA confirmado por el investigador.,"Aclaración oficial del CIA suministrada por el investigador: el laboratorio reporta el resultado hasta el segundo decimal, como se observa en el informe; los decimales adicionales de la celda corresponden a la lectura almacenada por el equipo. Se conservan internamente sin atribuirles mayor precisión analítica formal y el redondeo se reserva para la presentación final.",
M2,,23/07/2026,30/07/2026,aguas verdes,M2-AV-1,LIQ: AGUAS VERDES - 2-1,1,,muestra_compuesta,densidad,1.0,g/mL,no especificada,,,CIA,densidad reportada,Valor de densidad consignado en el informe CIA; el procedimiento no se describe.,Academic_documents/resultados CIA y LASA muestreo 2/AO-00330-00332 (100750) SEDE DEL ATLANTICO.xlsx,26-00330 - 26-00332,fila 18,100750,solo_caracterizacion,Variable conservada para caracterización y trazabilidad; no es un parámetro consumido actualmente por el modelo ACV.,"Aclaración oficial del CIA suministrada por el investigador: el laboratorio reporta el resultado hasta el segundo decimal, como se observa en el informe; los decimales adicionales de la celda corresponden a la lectura almacenada por el equipo. Se conservan internamente sin atribuirles mayor precisión analítica formal y el redondeo se reserva para la presentación final.",
M2,,23/07/2026,30/07/2026,aguas verdes,M2-AV-2,LIQ: AGUAS VERDES - 2-2,2,,muestra_compuesta,N total,0.009021,% masa,masa fresca,,,CIA,Kjeldahl,"Metodología oficial del Laboratorio de Suelos y Foliares de la Ciudad de la Investigación (CIA), suministrada por el investigador: para abonos líquidos se digieren 10 g con H2SO4 mediante Kjeldahl, se llevan a 250 mL y se determina N por colorimetría con FIA.",Academic_documents/resultados CIA y LASA muestreo 2/AO-00330-00332 (100750) SEDE DEL ATLANTICO.xlsx,26-00330 - 26-00332,fila 19,100750,elegible,N total de abono líquido por el método oficial CIA confirmado por el investigador.,"Aclaración oficial del CIA suministrada por el investigador: el laboratorio reporta el resultado hasta el segundo decimal, como se observa en el informe; los decimales adicionales de la celda corresponden a la lectura almacenada por el equipo. Se conservan internamente sin atribuirles mayor precisión analítica formal y el redondeo se reserva para la presentación final.",
M2,,23/07/2026,30/07/2026,aguas verdes,M2-AV-2,LIQ: AGUAS VERDES - 2-2,2,,muestra_compuesta,densidad,1.0,g/mL,no especificada,,,CIA,densidad reportada,Valor de densidad consignado en el informe CIA; el procedimiento no se describe.,Academic_documents/resultados CIA y LASA muestreo 2/AO-00330-00332 (100750) SEDE DEL ATLANTICO.xlsx,26-00330 - 26-00332,fila 19,100750,solo_caracterizacion,Variable conservada para caracterización y trazabilidad; no es un parámetro consumido actualmente por el modelo ACV.,"Aclaración oficial del CIA suministrada por el investigador: el laboratorio reporta el resultado hasta el segundo decimal, como se observa en el informe; los decimales adicionales de la celda corresponden a la lectura almacenada por el equipo. Se conservan internamente sin atribuirles mayor precisión analítica formal y el redondeo se reserva para la presentación final.",
M2,,23/07/2026,30/07/2026,aguas verdes,M2-AV-3,LIQ: AGUAS VERDES - 2-3,3,,muestra_compuesta,N total,0.00886066666666667,% masa,masa fresca,,,CIA,Kjeldahl,"Metodología oficial del Laboratorio de Suelos y Foliares de la Ciudad de la Investigación (CIA), suministrada por el investigador: para abonos líquidos se digieren 10 g con H2SO4 mediante Kjeldahl, se llevan a 250 mL y se determina N por colorimetría con FIA.",Academic_documents/resultados CIA y LASA muestreo 2/AO-00330-00332 (100750) SEDE DEL ATLANTICO.xlsx,26-00330 - 26-00332,fila 20,100750,elegible,N total de abono líquido por el método oficial CIA confirmado por el investigador.,"Aclaración oficial del CIA suministrada por el investigador: el laboratorio reporta el resultado hasta el segundo decimal, como se observa en el informe; los decimales adicionales de la celda corresponden a la lectura almacenada por el equipo. Se conservan internamente sin atribuirles mayor precisión analítica formal y el redondeo se reserva para la presentación final.",
M2,,23/07/2026,30/07/2026,aguas verdes,M2-AV-3,LIQ: AGUAS VERDES - 2-3,3,,muestra_compuesta,densidad,1.0,g/mL,no especificada,,,CIA,densidad reportada,Valor de densidad consignado en el informe CIA; el procedimiento no se describe.,Academic_documents/resultados CIA y LASA muestreo 2/AO-00330-00332 (100750) SEDE DEL ATLANTICO.xlsx,26-00330 - 26-00332,fila 20,100750,solo_caracterizacion,Variable conservada para caracterización y trazabilidad; no es un parámetro consumido actualmente por el modelo ACV.,"Aclaración oficial del CIA suministrada por el investigador: el laboratorio reporta el resultado hasta el segundo decimal, como se observa en el informe; los decimales adicionales de la celda corresponden a la lectura almacenada por el equipo. Se conservan internamente sin atribuirles mayor precisión analítica formal y el redondeo se reserva para la presentación final.",
M2,,23/07/2026,30/07/2026,estiércol precompostado,M2-EP-1,SOL: PRECOMPOSTADO - 2-1,1,,muestra_compuesta,carbono,37.28,%,muestra previamente secada a 80 °C durante 48 h; base final del porcentaje no especificada formalmente por el reporte,Muestra secada a 80 °C durante 48 h; el CIA no determinó humedad a 105 °C porque no fue solicitada.,,CIA,Dumas (combustión seca),"Metodología oficial del Laboratorio de Suelos y Foliares de la Ciudad de la Investigación (CIA), suministrada por el investigador: la muestra de abono sólido se seca a 80 °C durante 48 h, se muele, se criba a 1 mm, se pesan aproximadamente 80–100 mg y se determina N y C por combustión seca de Dumas en un autoanalizador Elementar Vario Macro Cube. El CIA aclaró que no determinó humedad a 105 °C porque no fue solicitada. La metodología y los reportes no especifican formalmente la base final del porcentaje.",Academic_documents/resultados CIA y LASA muestreo 2/AO-00333-00335 (100751) SEDE DEL ATLANTICO.xlsx,26-00333 - 26-00335,fila 18,100751,solo_caracterizacion,Variable conservada para caracterización y trazabilidad; no es un parámetro consumido actualmente por el modelo ACV.,,
M2,,23/07/2026,30/07/2026,estiércol precompostado,M2-EP-1,SOL: PRECOMPOSTADO - 2-1,1,,muestra_compuesta,N total,2.72,%,muestra previamente secada a 80 °C durante 48 h; base final del porcentaje no especificada formalmente por el reporte,Muestra secada a 80 °C durante 48 h; el CIA no determinó humedad a 105 °C porque no fue solicitada.,,CIA,Dumas (combustión seca),"Metodología oficial del Laboratorio de Suelos y Foliares de la Ciudad de la Investigación (CIA), suministrada por el investigador: la muestra de abono sólido se seca a 80 °C durante 48 h, se muele, se criba a 1 mm, se pesan aproximadamente 80–100 mg y se determina N y C por combustión seca de Dumas en un autoanalizador Elementar Vario Macro Cube. El CIA aclaró que no determinó humedad a 105 °C porque no fue solicitada. La metodología y los reportes no especifican formalmente la base final del porcentaje.",Academic_documents/resultados CIA y LASA muestreo 2/AO-00333-00335 (100751) SEDE DEL ATLANTICO.xlsx,26-00333 - 26-00335,fila 18,100751,elegible,Caracterización de N y C de estiércol precompostado.,,
M2,,23/07/2026,30/07/2026,estiércol precompostado,M2-EP-1,SOL: PRECOMPOSTADO - 2-1,1,,muestra_compuesta,relación C/N,13.7,Relación,no especificada,Muestra secada a 80 °C durante 48 h; el CIA no determinó humedad a 105 °C porque no fue solicitada.,,CIA,Dumas (combustión seca),"Metodología oficial del Laboratorio de Suelos y Foliares de la Ciudad de la Investigación (CIA), suministrada por el investigador: la muestra de abono sólido se seca a 80 °C durante 48 h, se muele, se criba a 1 mm, se pesan aproximadamente 80–100 mg y se determina N y C por combustión seca de Dumas en un autoanalizador Elementar Vario Macro Cube. El CIA aclaró que no determinó humedad a 105 °C porque no fue solicitada. La metodología y los reportes no especifican formalmente la base final del porcentaje.",Academic_documents/resultados CIA y LASA muestreo 2/AO-00333-00335 (100751) SEDE DEL ATLANTICO.xlsx,26-00333 - 26-00335,fila 18,100751,solo_caracterizacion,Variable conservada para caracterización y trazabilidad; no es un parámetro consumido actualmente por el modelo ACV.,,
M2,,23/07/2026,30/07/2026,estiércol precompostado,M2-EP-2,SOL: PRECOMPOSTADO - 2-2,2,,muestra_compuesta,carbono,35.9,%,muestra previamente secada a 80 °C durante 48 h; base final del porcentaje no especificada formalmente por el reporte,Muestra secada a 80 °C durante 48 h; el CIA no determinó humedad a 105 °C porque no fue solicitada.,,CIA,Dumas (combustión seca),"Metodología oficial del Laboratorio de Suelos y Foliares de la Ciudad de la Investigación (CIA), suministrada por el investigador: la muestra de abono sólido se seca a 80 °C durante 48 h, se muele, se criba a 1 mm, se pesan aproximadamente 80–100 mg y se determina N y C por combustión seca de Dumas en un autoanalizador Elementar Vario Macro Cube. El CIA aclaró que no determinó humedad a 105 °C porque no fue solicitada. La metodología y los reportes no especifican formalmente la base final del porcentaje.",Academic_documents/resultados CIA y LASA muestreo 2/AO-00333-00335 (100751) SEDE DEL ATLANTICO.xlsx,26-00333 - 26-00335,fila 19,100751,solo_caracterizacion,Variable conservada para caracterización y trazabilidad; no es un parámetro consumido actualmente por el modelo ACV.,,
M2,,23/07/2026,30/07/2026,estiércol precompostado,M2-EP-2,SOL: PRECOMPOSTADO - 2-2,2,,muestra_compuesta,N total,2.34,%,muestra previamente secada a 80 °C durante 48 h; base final del porcentaje no especificada formalmente por el reporte,Muestra secada a 80 °C durante 48 h; el CIA no determinó humedad a 105 °C porque no fue solicitada.,,CIA,Dumas (combustión seca),"Metodología oficial del Laboratorio de Suelos y Foliares de la Ciudad de la Investigación (CIA), suministrada por el investigador: la muestra de abono sólido se seca a 80 °C durante 48 h, se muele, se criba a 1 mm, se pesan aproximadamente 80–100 mg y se determina N y C por combustión seca de Dumas en un autoanalizador Elementar Vario Macro Cube. El CIA aclaró que no determinó humedad a 105 °C porque no fue solicitada. La metodología y los reportes no especifican formalmente la base final del porcentaje.",Academic_documents/resultados CIA y LASA muestreo 2/AO-00333-00335 (100751) SEDE DEL ATLANTICO.xlsx,26-00333 - 26-00335,fila 19,100751,elegible,Caracterización de N y C de estiércol precompostado.,,
M2,,23/07/2026,30/07/2026,estiércol precompostado,M2-EP-2,SOL: PRECOMPOSTADO - 2-2,2,,muestra_compuesta,relación C/N,15.3,Relación,no especificada,Muestra secada a 80 °C durante 48 h; el CIA no determinó humedad a 105 °C porque no fue solicitada.,,CIA,Dumas (combustión seca),"Metodología oficial del Laboratorio de Suelos y Foliares de la Ciudad de la Investigación (CIA), suministrada por el investigador: la muestra de abono sólido se seca a 80 °C durante 48 h, se muele, se criba a 1 mm, se pesan aproximadamente 80–100 mg y se determina N y C por combustión seca de Dumas en un autoanalizador Elementar Vario Macro Cube. El CIA aclaró que no determinó humedad a 105 °C porque no fue solicitada. La metodología y los reportes no especifican formalmente la base final del porcentaje.",Academic_documents/resultados CIA y LASA muestreo 2/AO-00333-00335 (100751) SEDE DEL ATLANTICO.xlsx,26-00333 - 26-00335,fila 19,100751,solo_caracterizacion,Variable conservada para caracterización y trazabilidad; no es un parámetro consumido actualmente por el modelo ACV.,,
M2,,23/07/2026,30/07/2026,estiércol precompostado,M2-EP-3,SOL: PRECOMPOSTADO - 2-3,3,,muestra_compuesta,carbono,37.42,%,muestra previamente secada a 80 °C durante 48 h; base final del porcentaje no especificada formalmente por el reporte,Muestra secada a 80 °C durante 48 h; el CIA no determinó humedad a 105 °C porque no fue solicitada.,,CIA,Dumas (combustión seca),"Metodología oficial del Laboratorio de Suelos y Foliares de la Ciudad de la Investigación (CIA), suministrada por el investigador: la muestra de abono sólido se seca a 80 °C durante 48 h, se muele, se criba a 1 mm, se pesan aproximadamente 80–100 mg y se determina N y C por combustión seca de Dumas en un autoanalizador Elementar Vario Macro Cube. El CIA aclaró que no determinó humedad a 105 °C porque no fue solicitada. La metodología y los reportes no especifican formalmente la base final del porcentaje.",Academic_documents/resultados CIA y LASA muestreo 2/AO-00333-00335 (100751) SEDE DEL ATLANTICO.xlsx,26-00333 - 26-00335,fila 20,100751,solo_caracterizacion,Variable conservada para caracterización y trazabilidad; no es un parámetro consumido actualmente por el modelo ACV.,,
M2,,23/07/2026,30/07/2026,estiércol precompostado,M2-EP-3,SOL: PRECOMPOSTADO - 2-3,3,,muestra_compuesta,N total,2.69,%,muestra previamente secada a 80 °C durante 48 h; base final del porcentaje no especificada formalmente por el reporte,Muestra secada a 80 °C durante 48 h; el CIA no determinó humedad a 105 °C porque no fue solicitada.,,CIA,Dumas (combustión seca),"Metodología oficial del Laboratorio de Suelos y Foliares de la Ciudad de la Investigación (CIA), suministrada por el investigador: la muestra de abono sólido se seca a 80 °C durante 48 h, se muele, se criba a 1 mm, se pesan aproximadamente 80–100 mg y se determina N y C por combustión seca de Dumas en un autoanalizador Elementar Vario Macro Cube. El CIA aclaró que no determinó humedad a 105 °C porque no fue solicitada. La metodología y los reportes no especifican formalmente la base final del porcentaje.",Academic_documents/resultados CIA y LASA muestreo 2/AO-00333-00335 (100751) SEDE DEL ATLANTICO.xlsx,26-00333 - 26-00335,fila 20,100751,elegible,Caracterización de N y C de estiércol precompostado.,,
M2,,23/07/2026,30/07/2026,estiércol precompostado,M2-EP-3,SOL: PRECOMPOSTADO - 2-3,3,,muestra_compuesta,relación C/N,13.9,Relación,no especificada,Muestra secada a 80 °C durante 48 h; el CIA no determinó humedad a 105 °C porque no fue solicitada.,,CIA,Dumas (combustión seca),"Metodología oficial del Laboratorio de Suelos y Foliares de la Ciudad de la Investigación (CIA), suministrada por el investigador: la muestra de abono sólido se seca a 80 °C durante 48 h, se muele, se criba a 1 mm, se pesan aproximadamente 80–100 mg y se determina N y C por combustión seca de Dumas en un autoanalizador Elementar Vario Macro Cube. El CIA aclaró que no determinó humedad a 105 °C porque no fue solicitada. La metodología y los reportes no especifican formalmente la base final del porcentaje.",Academic_documents/resultados CIA y LASA muestreo 2/AO-00333-00335 (100751) SEDE DEL ATLANTICO.xlsx,26-00333 - 26-00335,fila 20,100751,solo_caracterizacion,Variable conservada para caracterización y trazabilidad; no es un parámetro consumido actualmente por el modelo ACV.,,
M2,,27/07/2026,06/08/2026,purines,M2-PU-1,LIQ: PURINES - 2-1,1,,muestra_compuesta,N total,0.0140366666666667,% masa,masa fresca,,,CIA,Kjeldahl,"Metodología oficial del Laboratorio de Suelos y Foliares de la Ciudad de la Investigación (CIA), suministrada por el investigador: para abonos líquidos se digieren 10 g con H2SO4 mediante Kjeldahl, se llevan a 250 mL y se determina N por colorimetría con FIA.",Academic_documents/resultados CIA y LASA muestreo 2/AO-00337-00339 (100788) SEDE DEL ATLANTICO.xlsx,26-00337 - 26-00339,fila 18,100788,elegible,N total de abono líquido por el método oficial CIA confirmado por el investigador.,"Aclaración oficial del CIA suministrada por el investigador: el laboratorio reporta el resultado hasta el segundo decimal, como se observa en el informe; los decimales adicionales de la celda corresponden a la lectura almacenada por el equipo. Se conservan internamente sin atribuirles mayor precisión analítica formal y el redondeo se reserva para la presentación final.",
M2,,27/07/2026,06/08/2026,purines,M2-PU-1,LIQ: PURINES - 2-1,1,,muestra_compuesta,densidad,1.0,g/mL,no especificada,,,CIA,densidad reportada,Valor de densidad consignado en el informe CIA; el procedimiento no se describe.,Academic_documents/resultados CIA y LASA muestreo 2/AO-00337-00339 (100788) SEDE DEL ATLANTICO.xlsx,26-00337 - 26-00339,fila 18,100788,solo_caracterizacion,Variable conservada para caracterización y trazabilidad; no es un parámetro consumido actualmente por el modelo ACV.,"Aclaración oficial del CIA suministrada por el investigador: el laboratorio reporta el resultado hasta el segundo decimal, como se observa en el informe; los decimales adicionales de la celda corresponden a la lectura almacenada por el equipo. Se conservan internamente sin atribuirles mayor precisión analítica formal y el redondeo se reserva para la presentación final.",
M2,,27/07/2026,06/08/2026,purines,M2-PU-2,LIQ: PURINES  - 2-2,2,,muestra_compuesta,N total,0.0140033333333333,% masa,masa fresca,,,CIA,Kjeldahl,"Metodología oficial del Laboratorio de Suelos y Foliares de la Ciudad de la Investigación (CIA), suministrada por el investigador: para abonos líquidos se digieren 10 g con H2SO4 mediante Kjeldahl, se llevan a 250 mL y se determina N por colorimetría con FIA.",Academic_documents/resultados CIA y LASA muestreo 2/AO-00337-00339 (100788) SEDE DEL ATLANTICO.xlsx,26-00337 - 26-00339,fila 19,100788,elegible,N total de abono líquido por el método oficial CIA confirmado por el investigador.,"Aclaración oficial del CIA suministrada por el investigador: el laboratorio reporta el resultado hasta el segundo decimal, como se observa en el informe; los decimales adicionales de la celda corresponden a la lectura almacenada por el equipo. Se conservan internamente sin atribuirles mayor precisión analítica formal y el redondeo se reserva para la presentación final.",
M2,,27/07/2026,06/08/2026,purines,M2-PU-2,LIQ: PURINES  - 2-2,2,,muestra_compuesta,densidad,1.0,g/mL,no especificada,,,CIA,densidad reportada,Valor de densidad consignado en el informe CIA; el procedimiento no se describe.,Academic_documents/resultados CIA y LASA muestreo 2/AO-00337-00339 (100788) SEDE DEL ATLANTICO.xlsx,26-00337 - 26-00339,fila 19,100788,solo_caracterizacion,Variable conservada para caracterización y trazabilidad; no es un parámetro consumido actualmente por el modelo ACV.,"Aclaración oficial del CIA suministrada por el investigador: el laboratorio reporta el resultado hasta el segundo decimal, como se observa en el informe; los decimales adicionales de la celda corresponden a la lectura almacenada por el equipo. Se conservan internamente sin atribuirles mayor precisión analítica formal y el redondeo se reserva para la presentación final.",
M2,,27/07/2026,06/08/2026,purines,M2-PU-3,LIQ: PURINES  - 2-3,3,,muestra_compuesta,N total,0.0137733333333333,% masa,masa fresca,,,CIA,Kjeldahl,"Metodología oficial del Laboratorio de Suelos y Foliares de la Ciudad de la Investigación (CIA), suministrada por el investigador: para abonos líquidos se digieren 10 g con H2SO4 mediante Kjeldahl, se llevan a 250 mL y se determina N por colorimetría con FIA.",Academic_documents/resultados CIA y LASA muestreo 2/AO-00337-00339 (100788) SEDE DEL ATLANTICO.xlsx,26-00337 - 26-00339,fila 20,100788,elegible,N total de abono líquido por el método oficial CIA confirmado por el investigador.,"Aclaración oficial del CIA suministrada por el investigador: el laboratorio reporta el resultado hasta el segundo decimal, como se observa en el informe; los decimales adicionales de la celda corresponden a la lectura almacenada por el equipo. Se conservan internamente sin atribuirles mayor precisión analítica formal y el redondeo se reserva para la presentación final.",
M2,,27/07/2026,06/08/2026,purines,M2-PU-3,LIQ: PURINES  - 2-3,3,,muestra_compuesta,densidad,1.0,g/mL,no especificada,,,CIA,densidad reportada,Valor de densidad consignado en el informe CIA; el procedimiento no se describe.,Academic_documents/resultados CIA y LASA muestreo 2/AO-00337-00339 (100788) SEDE DEL ATLANTICO.xlsx,26-00337 - 26-00339,fila 20,100788,solo_caracterizacion,Variable conservada para caracterización y trazabilidad; no es un parámetro consumido actualmente por el modelo ACV.,"Aclaración oficial del CIA suministrada por el investigador: el laboratorio reporta el resultado hasta el segundo decimal, como se observa en el informe; los decimales adicionales de la celda corresponden a la lectura almacenada por el equipo. Se conservan internamente sin atribuirles mayor precisión analítica formal y el redondeo se reserva para la presentación final.",
M2,,,,estiércol fresco,M2-EF-1,A11,1,1,replica_analitica,humedad,86.80920421860017,%,masa fresca,,,no documentado,gravimetría,Procedimiento y masas primarias registrados en las hojas Procedure y Data.,Academic_documents/resultados CIA y LASA muestreo 2/muestreo2_solidos_volatiles.xlsx,Data,A11 / AI11,,elegible,Caracterización gravimétrica primaria de sólidos.,,
M2,,,,estiércol fresco,M2-EF-1,A11,1,1,replica_analitica,materia seca,13.190795781399824,%,masa fresca,,,no documentado,gravimetría,Procedimiento y masas primarias registrados en las hojas Procedure y Data.,Academic_documents/resultados CIA y LASA muestreo 2/muestreo2_solidos_volatiles.xlsx,Data,A11 / AI11,,elegible,Caracterización gravimétrica primaria de sólidos.,,
M2,,,,estiércol fresco,M2-EF-1,A11,1,1,replica_analitica,cenizas,17.51509279272566,%,masa seca,,,no documentado,gravimetría,Procedimiento y masas primarias registrados en las hojas Procedure y Data.,Academic_documents/resultados CIA y LASA muestreo 2/muestreo2_solidos_volatiles.xlsx,Data,A11 / AI11,,elegible,Caracterización gravimétrica primaria de sólidos.,,
M2,,,,estiércol fresco,M2-EF-1,A11,1,1,replica_analitica,sólidos volátiles,82.48490720727435,%,masa seca,,,no documentado,gravimetría,Procedimiento y masas primarias registrados en las hojas Procedure y Data.,Academic_documents/resultados CIA y LASA muestreo 2/muestreo2_solidos_volatiles.xlsx,Data,A11 / AI11,,elegible,Caracterización gravimétrica primaria de sólidos.,,
M2,,,,estiércol fresco,M2-EF-1,A12,1,2,replica_analitica,humedad,86.71375560290984,%,masa fresca,,,no documentado,gravimetría,Procedimiento y masas primarias registrados en las hojas Procedure y Data.,Academic_documents/resultados CIA y LASA muestreo 2/muestreo2_solidos_volatiles.xlsx,Data,A12 / AI12,,elegible,Caracterización gravimétrica primaria de sólidos.,,
M2,,,,estiércol fresco,M2-EF-1,A12,1,2,replica_analitica,materia seca,13.286244397090163,%,masa fresca,,,no documentado,gravimetría,Procedimiento y masas primarias registrados en las hojas Procedure y Data.,Academic_documents/resultados CIA y LASA muestreo 2/muestreo2_solidos_volatiles.xlsx,Data,A12 / AI12,,elegible,Caracterización gravimétrica primaria de sólidos.,,
M2,,,,estiércol fresco,M2-EF-1,A12,1,2,replica_analitica,cenizas,15.81559687053107,%,masa seca,,,no documentado,gravimetría,Procedimiento y masas primarias registrados en las hojas Procedure y Data.,Academic_documents/resultados CIA y LASA muestreo 2/muestreo2_solidos_volatiles.xlsx,Data,A12 / AI12,,elegible,Caracterización gravimétrica primaria de sólidos.,,
M2,,,,estiércol fresco,M2-EF-1,A12,1,2,replica_analitica,sólidos volátiles,84.18440312946893,%,masa seca,,,no documentado,gravimetría,Procedimiento y masas primarias registrados en las hojas Procedure y Data.,Academic_documents/resultados CIA y LASA muestreo 2/muestreo2_solidos_volatiles.xlsx,Data,A12 / AI12,,elegible,Caracterización gravimétrica primaria de sólidos.,,
M2,,,,estiércol fresco,M2-EF-1,A13,1,3,replica_analitica,humedad,87.41478628400027,%,masa fresca,,,no documentado,gravimetría,Procedimiento y masas primarias registrados en las hojas Procedure y Data.,Academic_documents/resultados CIA y LASA muestreo 2/muestreo2_solidos_volatiles.xlsx,Data,A13 / AI13,,elegible,Caracterización gravimétrica primaria de sólidos.,,
M2,,,,estiércol fresco,M2-EF-1,A13,1,3,replica_analitica,materia seca,12.585213715999732,%,masa fresca,,,no documentado,gravimetría,Procedimiento y masas primarias registrados en las hojas Procedure y Data.,Academic_documents/resultados CIA y LASA muestreo 2/muestreo2_solidos_volatiles.xlsx,Data,A13 / AI13,,elegible,Caracterización gravimétrica primaria de sólidos.,,
M2,,,,estiércol fresco,M2-EF-1,A13,1,3,replica_analitica,cenizas,16.871402800446422,%,masa seca,,,no documentado,gravimetría,Procedimiento y masas primarias registrados en las hojas Procedure y Data.,Academic_documents/resultados CIA y LASA muestreo 2/muestreo2_solidos_volatiles.xlsx,Data,A13 / AI13,,elegible,Caracterización gravimétrica primaria de sólidos.,,
M2,,,,estiércol fresco,M2-EF-1,A13,1,3,replica_analitica,sólidos volátiles,83.12859719955358,%,masa seca,,,no documentado,gravimetría,Procedimiento y masas primarias registrados en las hojas Procedure y Data.,Academic_documents/resultados CIA y LASA muestreo 2/muestreo2_solidos_volatiles.xlsx,Data,A13 / AI13,,elegible,Caracterización gravimétrica primaria de sólidos.,,
M2,,,,estiércol fresco,M2-EF-2,A21,2,1,replica_analitica,humedad,86.90386912201764,%,masa fresca,,,no documentado,gravimetría,Procedimiento y masas primarias registrados en las hojas Procedure y Data.,Academic_documents/resultados CIA y LASA muestreo 2/muestreo2_solidos_volatiles.xlsx,Data,A21 / AI21,,elegible,Caracterización gravimétrica primaria de sólidos.,,
M2,,,,estiércol fresco,M2-EF-2,A21,2,1,replica_analitica,materia seca,13.096130877982363,%,masa fresca,,,no documentado,gravimetría,Procedimiento y masas primarias registrados en las hojas Procedure y Data.,Academic_documents/resultados CIA y LASA muestreo 2/muestreo2_solidos_volatiles.xlsx,Data,A21 / AI21,,elegible,Caracterización gravimétrica primaria de sólidos.,,
M2,,,,estiércol fresco,M2-EF-2,A21,2,1,replica_analitica,cenizas,18.240957585219657,%,masa seca,,,no documentado,gravimetría,Procedimiento y masas primarias registrados en las hojas Procedure y Data.,Academic_documents/resultados CIA y LASA muestreo 2/muestreo2_solidos_volatiles.xlsx,Data,A21 / AI21,,elegible,Caracterización gravimétrica primaria de sólidos.,,
M2,,,,estiércol fresco,M2-EF-2,A21,2,1,replica_analitica,sólidos volátiles,81.75904241478034,%,masa seca,,,no documentado,gravimetría,Procedimiento y masas primarias registrados en las hojas Procedure y Data.,Academic_documents/resultados CIA y LASA muestreo 2/muestreo2_solidos_volatiles.xlsx,Data,A21 / AI21,,elegible,Caracterización gravimétrica primaria de sólidos.,,
M2,,,,estiércol fresco,M2-EF-2,A22,2,2,replica_analitica,humedad,87.14763258993162,%,masa fresca,,,no documentado,gravimetría,Procedimiento y masas primarias registrados en las hojas Procedure y Data.,Academic_documents/resultados CIA y LASA muestreo 2/muestreo2_solidos_volatiles.xlsx,Data,A22 / AI22,,elegible,Caracterización gravimétrica primaria de sólidos.,,
M2,,,,estiércol fresco,M2-EF-2,A22,2,2,replica_analitica,materia seca,12.85236741006839,%,masa fresca,,,no documentado,gravimetría,Procedimiento y masas primarias registrados en las hojas Procedure y Data.,Academic_documents/resultados CIA y LASA muestreo 2/muestreo2_solidos_volatiles.xlsx,Data,A22 / AI22,,elegible,Caracterización gravimétrica primaria de sólidos.,,
M2,,,,estiércol fresco,M2-EF-2,A22,2,2,replica_analitica,cenizas,18.139155274433854,%,masa seca,,,no documentado,gravimetría,Procedimiento y masas primarias registrados en las hojas Procedure y Data.,Academic_documents/resultados CIA y LASA muestreo 2/muestreo2_solidos_volatiles.xlsx,Data,A22 / AI22,,elegible,Caracterización gravimétrica primaria de sólidos.,,
M2,,,,estiércol fresco,M2-EF-2,A22,2,2,replica_analitica,sólidos volátiles,81.86084472556615,%,masa seca,,,no documentado,gravimetría,Procedimiento y masas primarias registrados en las hojas Procedure y Data.,Academic_documents/resultados CIA y LASA muestreo 2/muestreo2_solidos_volatiles.xlsx,Data,A22 / AI22,,elegible,Caracterización gravimétrica primaria de sólidos.,,
M2,,,,estiércol fresco,M2-EF-2,A23,2,3,replica_analitica,humedad,87.18427297198437,%,masa fresca,,,no documentado,gravimetría,Procedimiento y masas primarias registrados en las hojas Procedure y Data.,Academic_documents/resultados CIA y LASA muestreo 2/muestreo2_solidos_volatiles.xlsx,Data,A23 / AI23,,elegible,Caracterización gravimétrica primaria de sólidos.,,
M2,,,,estiércol fresco,M2-EF-2,A23,2,3,replica_analitica,materia seca,12.81572702801563,%,masa fresca,,,no documentado,gravimetría,Procedimiento y masas primarias registrados en las hojas Procedure y Data.,Academic_documents/resultados CIA y LASA muestreo 2/muestreo2_solidos_volatiles.xlsx,Data,A23 / AI23,,elegible,Caracterización gravimétrica primaria de sólidos.,,
M2,,,,estiércol fresco,M2-EF-2,A23,2,3,replica_analitica,cenizas,18.100142434535513,%,masa seca,,,no documentado,gravimetría,Procedimiento y masas primarias registrados en las hojas Procedure y Data.,Academic_documents/resultados CIA y LASA muestreo 2/muestreo2_solidos_volatiles.xlsx,Data,A23 / AI23,,elegible,Caracterización gravimétrica primaria de sólidos.,,
M2,,,,estiércol fresco,M2-EF-2,A23,2,3,replica_analitica,sólidos volátiles,81.89985756546449,%,masa seca,,,no documentado,gravimetría,Procedimiento y masas primarias registrados en las hojas Procedure y Data.,Academic_documents/resultados CIA y LASA muestreo 2/muestreo2_solidos_volatiles.xlsx,Data,A23 / AI23,,elegible,Caracterización gravimétrica primaria de sólidos.,,
M2,,,,estiércol fresco,M2-EF-3,A31,3,1,replica_analitica,humedad,87.49494629893304,%,masa fresca,,,no documentado,gravimetría,Procedimiento y masas primarias registrados en las hojas Procedure y Data.,Academic_documents/resultados CIA y LASA muestreo 2/muestreo2_solidos_volatiles.xlsx,Data,A31 / AI31,,elegible,Caracterización gravimétrica primaria de sólidos.,,
M2,,,,estiércol fresco,M2-EF-3,A31,3,1,replica_analitica,materia seca,12.505053701066954,%,masa fresca,,,no documentado,gravimetría,Procedimiento y masas primarias registrados en las hojas Procedure y Data.,Academic_documents/resultados CIA y LASA muestreo 2/muestreo2_solidos_volatiles.xlsx,Data,A31 / AI31,,elegible,Caracterización gravimétrica primaria de sólidos.,,
M2,,,,estiércol fresco,M2-EF-3,A31,3,1,replica_analitica,cenizas,13.952260245035347,%,masa seca,,,no documentado,gravimetría,Procedimiento y masas primarias registrados en las hojas Procedure y Data.,Academic_documents/resultados CIA y LASA muestreo 2/muestreo2_solidos_volatiles.xlsx,Data,A31 / AI31,,elegible,Caracterización gravimétrica primaria de sólidos.,,
M2,,,,estiércol fresco,M2-EF-3,A31,3,1,replica_analitica,sólidos volátiles,86.04773975496465,%,masa seca,,,no documentado,gravimetría,Procedimiento y masas primarias registrados en las hojas Procedure y Data.,Academic_documents/resultados CIA y LASA muestreo 2/muestreo2_solidos_volatiles.xlsx,Data,A31 / AI31,,elegible,Caracterización gravimétrica primaria de sólidos.,,
M2,,,,estiércol fresco,M2-EF-3,A32,3,2,replica_analitica,humedad,85.73474323106835,%,masa fresca,,,no documentado,gravimetría,Procedimiento y masas primarias registrados en las hojas Procedure y Data.,Academic_documents/resultados CIA y LASA muestreo 2/muestreo2_solidos_volatiles.xlsx,Data,A32 / AI32,,elegible,Caracterización gravimétrica primaria de sólidos.,,
M2,,,,estiércol fresco,M2-EF-3,A32,3,2,replica_analitica,materia seca,14.265256768931648,%,masa fresca,,,no documentado,gravimetría,Procedimiento y masas primarias registrados en las hojas Procedure y Data.,Academic_documents/resultados CIA y LASA muestreo 2/muestreo2_solidos_volatiles.xlsx,Data,A32 / AI32,,elegible,Caracterización gravimétrica primaria de sólidos.,,
M2,,,,estiércol fresco,M2-EF-3,A32,3,2,replica_analitica,cenizas,14.240131279059598,%,masa seca,,,no documentado,gravimetría,Procedimiento y masas primarias registrados en las hojas Procedure y Data.,Academic_documents/resultados CIA y LASA muestreo 2/muestreo2_solidos_volatiles.xlsx,Data,A32 / AI32,,elegible,Caracterización gravimétrica primaria de sólidos.,,
M2,,,,estiércol fresco,M2-EF-3,A32,3,2,replica_analitica,sólidos volátiles,85.7598687209404,%,masa seca,,,no documentado,gravimetría,Procedimiento y masas primarias registrados en las hojas Procedure y Data.,Academic_documents/resultados CIA y LASA muestreo 2/muestreo2_solidos_volatiles.xlsx,Data,A32 / AI32,,elegible,Caracterización gravimétrica primaria de sólidos.,,
M2,,,,estiércol fresco,M2-EF-3,A33,3,3,replica_analitica,humedad,87.8690790300289,%,masa fresca,,,no documentado,gravimetría,Procedimiento y masas primarias registrados en las hojas Procedure y Data.,Academic_documents/resultados CIA y LASA muestreo 2/muestreo2_solidos_volatiles.xlsx,Data,A33 / AI33,,elegible,Caracterización gravimétrica primaria de sólidos.,,
M2,,,,estiércol fresco,M2-EF-3,A33,3,3,replica_analitica,materia seca,12.130920969971108,%,masa fresca,,,no documentado,gravimetría,Procedimiento y masas primarias registrados en las hojas Procedure y Data.,Academic_documents/resultados CIA y LASA muestreo 2/muestreo2_solidos_volatiles.xlsx,Data,A33 / AI33,,elegible,Caracterización gravimétrica primaria de sólidos.,,
M2,,,,estiércol fresco,M2-EF-3,A33,3,3,replica_analitica,cenizas,15.185111859037628,%,masa seca,,,no documentado,gravimetría,Procedimiento y masas primarias registrados en las hojas Procedure y Data.,Academic_documents/resultados CIA y LASA muestreo 2/muestreo2_solidos_volatiles.xlsx,Data,A33 / AI33,,elegible,Caracterización gravimétrica primaria de sólidos.,,
M2,,,,estiércol fresco,M2-EF-3,A33,3,3,replica_analitica,sólidos volátiles,84.81488814096237,%,masa seca,,,no documentado,gravimetría,Procedimiento y masas primarias registrados en las hojas Procedure y Data.,Academic_documents/resultados CIA y LASA muestreo 2/muestreo2_solidos_volatiles.xlsx,Data,A33 / AI33,,elegible,Caracterización gravimétrica primaria de sólidos.,,
M2,,,,estiércol precompostado,M2-EP-1,B11,1,1,replica_analitica,humedad,80.67891554976971,%,masa fresca,,,no documentado,gravimetría,Procedimiento y masas primarias registrados en las hojas Procedure y Data.,Academic_documents/resultados CIA y LASA muestreo 2/muestreo2_solidos_volatiles.xlsx,Data,B11 / BI11,,elegible,Caracterización gravimétrica primaria de sólidos.,,
M2,,,,estiércol precompostado,M2-EP-1,B11,1,1,replica_analitica,materia seca,19.32108445023028,%,masa fresca,,,no documentado,gravimetría,Procedimiento y masas primarias registrados en las hojas Procedure y Data.,Academic_documents/resultados CIA y LASA muestreo 2/muestreo2_solidos_volatiles.xlsx,Data,B11 / BI11,,elegible,Caracterización gravimétrica primaria de sólidos.,,
M2,,,,estiércol precompostado,M2-EP-1,B11,1,1,replica_analitica,cenizas,22.972357229647773,%,masa seca,,,no documentado,gravimetría,Procedimiento y masas primarias registrados en las hojas Procedure y Data.,Academic_documents/resultados CIA y LASA muestreo 2/muestreo2_solidos_volatiles.xlsx,Data,B11 / BI11,,elegible,Caracterización gravimétrica primaria de sólidos.,,
M2,,,,estiércol precompostado,M2-EP-1,B11,1,1,replica_analitica,sólidos volátiles,77.02764277035223,%,masa seca,,,no documentado,gravimetría,Procedimiento y masas primarias registrados en las hojas Procedure y Data.,Academic_documents/resultados CIA y LASA muestreo 2/muestreo2_solidos_volatiles.xlsx,Data,B11 / BI11,,elegible,Caracterización gravimétrica primaria de sólidos.,,
M2,,,,estiércol precompostado,M2-EP-1,B12,1,2,replica_analitica,humedad,79.63045821554235,%,masa fresca,,,no documentado,gravimetría,Procedimiento y masas primarias registrados en las hojas Procedure y Data.,Academic_documents/resultados CIA y LASA muestreo 2/muestreo2_solidos_volatiles.xlsx,Data,B12 / BI12,,elegible,Caracterización gravimétrica primaria de sólidos.,,
M2,,,,estiércol precompostado,M2-EP-1,B12,1,2,replica_analitica,materia seca,20.369541784457656,%,masa fresca,,,no documentado,gravimetría,Procedimiento y masas primarias registrados en las hojas Procedure y Data.,Academic_documents/resultados CIA y LASA muestreo 2/muestreo2_solidos_volatiles.xlsx,Data,B12 / BI12,,elegible,Caracterización gravimétrica primaria de sólidos.,,
M2,,,,estiércol precompostado,M2-EP-1,B12,1,2,replica_analitica,cenizas,21.362408336549844,%,masa seca,,,no documentado,gravimetría,Procedimiento y masas primarias registrados en las hojas Procedure y Data.,Academic_documents/resultados CIA y LASA muestreo 2/muestreo2_solidos_volatiles.xlsx,Data,B12 / BI12,,elegible,Caracterización gravimétrica primaria de sólidos.,,
M2,,,,estiércol precompostado,M2-EP-1,B12,1,2,replica_analitica,sólidos volátiles,78.63759166345015,%,masa seca,,,no documentado,gravimetría,Procedimiento y masas primarias registrados en las hojas Procedure y Data.,Academic_documents/resultados CIA y LASA muestreo 2/muestreo2_solidos_volatiles.xlsx,Data,B12 / BI12,,elegible,Caracterización gravimétrica primaria de sólidos.,,
M2,,,,estiércol precompostado,M2-EP-1,B13,1,3,replica_analitica,humedad,81.11207774571376,%,masa fresca,,,no documentado,gravimetría,Procedimiento y masas primarias registrados en las hojas Procedure y Data.,Academic_documents/resultados CIA y LASA muestreo 2/muestreo2_solidos_volatiles.xlsx,Data,B13 / BI13,,elegible,Caracterización gravimétrica primaria de sólidos.,,
M2,,,,estiércol precompostado,M2-EP-1,B13,1,3,replica_analitica,materia seca,18.887922254286234,%,masa fresca,,,no documentado,gravimetría,Procedimiento y masas primarias registrados en las hojas Procedure y Data.,Academic_documents/resultados CIA y LASA muestreo 2/muestreo2_solidos_volatiles.xlsx,Data,B13 / BI13,,elegible,Caracterización gravimétrica primaria de sólidos.,,
M2,,,,estiércol precompostado,M2-EP-1,B13,1,3,replica_analitica,cenizas,22.2923669754859,%,masa seca,,,no documentado,gravimetría,Procedimiento y masas primarias registrados en las hojas Procedure y Data.,Academic_documents/resultados CIA y LASA muestreo 2/muestreo2_solidos_volatiles.xlsx,Data,B13 / BI13,,elegible,Caracterización gravimétrica primaria de sólidos.,,
M2,,,,estiércol precompostado,M2-EP-1,B13,1,3,replica_analitica,sólidos volátiles,77.7076330245141,%,masa seca,,,no documentado,gravimetría,Procedimiento y masas primarias registrados en las hojas Procedure y Data.,Academic_documents/resultados CIA y LASA muestreo 2/muestreo2_solidos_volatiles.xlsx,Data,B13 / BI13,,elegible,Caracterización gravimétrica primaria de sólidos.,,
M2,,,,estiércol precompostado,M2-EP-2,B21,2,1,replica_analitica,humedad,81.76454506169027,%,masa fresca,,,no documentado,gravimetría,Procedimiento y masas primarias registrados en las hojas Procedure y Data.,Academic_documents/resultados CIA y LASA muestreo 2/muestreo2_solidos_volatiles.xlsx,Data,B21 / BI21,,elegible,Caracterización gravimétrica primaria de sólidos.,,
M2,,,,estiércol precompostado,M2-EP-2,B21,2,1,replica_analitica,materia seca,18.23545493830973,%,masa fresca,,,no documentado,gravimetría,Procedimiento y masas primarias registrados en las hojas Procedure y Data.,Academic_documents/resultados CIA y LASA muestreo 2/muestreo2_solidos_volatiles.xlsx,Data,B21 / BI21,,elegible,Caracterización gravimétrica primaria de sólidos.,,
M2,,,,estiércol precompostado,M2-EP-2,B21,2,1,replica_analitica,cenizas,20.082543851421274,%,masa seca,,,no documentado,gravimetría,Procedimiento y masas primarias registrados en las hojas Procedure y Data.,Academic_documents/resultados CIA y LASA muestreo 2/muestreo2_solidos_volatiles.xlsx,Data,B21 / BI21,,elegible,Caracterización gravimétrica primaria de sólidos.,,
M2,,,,estiércol precompostado,M2-EP-2,B21,2,1,replica_analitica,sólidos volátiles,79.91745614857872,%,masa seca,,,no documentado,gravimetría,Procedimiento y masas primarias registrados en las hojas Procedure y Data.,Academic_documents/resultados CIA y LASA muestreo 2/muestreo2_solidos_volatiles.xlsx,Data,B21 / BI21,,elegible,Caracterización gravimétrica primaria de sólidos.,,
M2,,,,estiércol precompostado,M2-EP-2,B22,2,2,replica_analitica,humedad,82.85935044295958,%,masa fresca,,,no documentado,gravimetría,Procedimiento y masas primarias registrados en las hojas Procedure y Data.,Academic_documents/resultados CIA y LASA muestreo 2/muestreo2_solidos_volatiles.xlsx,Data,B22 / BI22,,elegible,Caracterización gravimétrica primaria de sólidos.,,
M2,,,,estiércol precompostado,M2-EP-2,B22,2,2,replica_analitica,materia seca,17.140649557040426,%,masa fresca,,,no documentado,gravimetría,Procedimiento y masas primarias registrados en las hojas Procedure y Data.,Academic_documents/resultados CIA y LASA muestreo 2/muestreo2_solidos_volatiles.xlsx,Data,B22 / BI22,,elegible,Caracterización gravimétrica primaria de sólidos.,,
M2,,,,estiércol precompostado,M2-EP-2,B22,2,2,replica_analitica,cenizas,21.252308208830126,%,masa seca,,,no documentado,gravimetría,Procedimiento y masas primarias registrados en las hojas Procedure y Data.,Academic_documents/resultados CIA y LASA muestreo 2/muestreo2_solidos_volatiles.xlsx,Data,B22 / BI22,,elegible,Caracterización gravimétrica primaria de sólidos.,,
M2,,,,estiércol precompostado,M2-EP-2,B22,2,2,replica_analitica,sólidos volátiles,78.74769179116987,%,masa seca,,,no documentado,gravimetría,Procedimiento y masas primarias registrados en las hojas Procedure y Data.,Academic_documents/resultados CIA y LASA muestreo 2/muestreo2_solidos_volatiles.xlsx,Data,B22 / BI22,,elegible,Caracterización gravimétrica primaria de sólidos.,,
M2,,,,estiércol precompostado,M2-EP-2,B23,2,3,replica_analitica,humedad,81.68722281570685,%,masa fresca,,,no documentado,gravimetría,Procedimiento y masas primarias registrados en las hojas Procedure y Data.,Academic_documents/resultados CIA y LASA muestreo 2/muestreo2_solidos_volatiles.xlsx,Data,B23 / BI23,,elegible,Caracterización gravimétrica primaria de sólidos.,,
M2,,,,estiércol precompostado,M2-EP-2,B23,2,3,replica_analitica,materia seca,18.31277718429315,%,masa fresca,,,no documentado,gravimetría,Procedimiento y masas primarias registrados en las hojas Procedure y Data.,Academic_documents/resultados CIA y LASA muestreo 2/muestreo2_solidos_volatiles.xlsx,Data,B23 / BI23,,elegible,Caracterización gravimétrica primaria de sólidos.,,
M2,,,,estiércol precompostado,M2-EP-2,B23,2,3,replica_analitica,cenizas,20.94739093242042,%,masa seca,,,no documentado,gravimetría,Procedimiento y masas primarias registrados en las hojas Procedure y Data.,Academic_documents/resultados CIA y LASA muestreo 2/muestreo2_solidos_volatiles.xlsx,Data,B23 / BI23,,elegible,Caracterización gravimétrica primaria de sólidos.,,
M2,,,,estiércol precompostado,M2-EP-2,B23,2,3,replica_analitica,sólidos volátiles,79.05260906757958,%,masa seca,,,no documentado,gravimetría,Procedimiento y masas primarias registrados en las hojas Procedure y Data.,Academic_documents/resultados CIA y LASA muestreo 2/muestreo2_solidos_volatiles.xlsx,Data,B23 / BI23,,elegible,Caracterización gravimétrica primaria de sólidos.,,
M2,,,,estiércol precompostado,M2-EP-3,B31,3,1,replica_analitica,humedad,78.78491571769753,%,masa fresca,,,no documentado,gravimetría,Procedimiento y masas primarias registrados en las hojas Procedure y Data.,Academic_documents/resultados CIA y LASA muestreo 2/muestreo2_solidos_volatiles.xlsx,Data,B31 / BI31,,elegible,Caracterización gravimétrica primaria de sólidos.,,
M2,,,,estiércol precompostado,M2-EP-3,B31,3,1,replica_analitica,materia seca,21.215084282302463,%,masa fresca,,,no documentado,gravimetría,Procedimiento y masas primarias registrados en las hojas Procedure y Data.,Academic_documents/resultados CIA y LASA muestreo 2/muestreo2_solidos_volatiles.xlsx,Data,B31 / BI31,,elegible,Caracterización gravimétrica primaria de sólidos.,,
M2,,,,estiércol precompostado,M2-EP-3,B31,3,1,replica_analitica,cenizas,21.74870262619926,%,masa seca,,,no documentado,gravimetría,Procedimiento y masas primarias registrados en las hojas Procedure y Data.,Academic_documents/resultados CIA y LASA muestreo 2/muestreo2_solidos_volatiles.xlsx,Data,B31 / BI31,,elegible,Caracterización gravimétrica primaria de sólidos.,,
M2,,,,estiércol precompostado,M2-EP-3,B31,3,1,replica_analitica,sólidos volátiles,78.25129737380074,%,masa seca,,,no documentado,gravimetría,Procedimiento y masas primarias registrados en las hojas Procedure y Data.,Academic_documents/resultados CIA y LASA muestreo 2/muestreo2_solidos_volatiles.xlsx,Data,B31 / BI31,,elegible,Caracterización gravimétrica primaria de sólidos.,,
M2,,,,estiércol precompostado,M2-EP-3,B32,3,2,replica_analitica,humedad,80.19115442278863,%,masa fresca,,,no documentado,gravimetría,Procedimiento y masas primarias registrados en las hojas Procedure y Data.,Academic_documents/resultados CIA y LASA muestreo 2/muestreo2_solidos_volatiles.xlsx,Data,B32 / BI32,,elegible,Caracterización gravimétrica primaria de sólidos.,,
M2,,,,estiércol precompostado,M2-EP-3,B32,3,2,replica_analitica,materia seca,19.808845577211383,%,masa fresca,,,no documentado,gravimetría,Procedimiento y masas primarias registrados en las hojas Procedure y Data.,Academic_documents/resultados CIA y LASA muestreo 2/muestreo2_solidos_volatiles.xlsx,Data,B32 / BI32,,elegible,Caracterización gravimétrica primaria de sólidos.,,
M2,,,,estiércol precompostado,M2-EP-3,B32,3,2,replica_analitica,cenizas,20.473157415832635,%,masa seca,,,no documentado,gravimetría,Procedimiento y masas primarias registrados en las hojas Procedure y Data.,Academic_documents/resultados CIA y LASA muestreo 2/muestreo2_solidos_volatiles.xlsx,Data,B32 / BI32,,elegible,Caracterización gravimétrica primaria de sólidos.,,
M2,,,,estiércol precompostado,M2-EP-3,B32,3,2,replica_analitica,sólidos volátiles,79.52684258416737,%,masa seca,,,no documentado,gravimetría,Procedimiento y masas primarias registrados en las hojas Procedure y Data.,Academic_documents/resultados CIA y LASA muestreo 2/muestreo2_solidos_volatiles.xlsx,Data,B32 / BI32,,elegible,Caracterización gravimétrica primaria de sólidos.,,
M2,,,,estiércol precompostado,M2-EP-3,B33,3,3,replica_analitica,humedad,82.93097054977659,%,masa fresca,,,no documentado,gravimetría,Procedimiento y masas primarias registrados en las hojas Procedure y Data.,Academic_documents/resultados CIA y LASA muestreo 2/muestreo2_solidos_volatiles.xlsx,Data,B33 / BI33,,elegible,Caracterización gravimétrica primaria de sólidos.,,
M2,,,,estiércol precompostado,M2-EP-3,B33,3,3,replica_analitica,materia seca,17.069029450223415,%,masa fresca,,,no documentado,gravimetría,Procedimiento y masas primarias registrados en las hojas Procedure y Data.,Academic_documents/resultados CIA y LASA muestreo 2/muestreo2_solidos_volatiles.xlsx,Data,B33 / BI33,,elegible,Caracterización gravimétrica primaria de sólidos.,,
M2,,,,estiércol precompostado,M2-EP-3,B33,3,3,replica_analitica,cenizas,17.0556107249255,%,masa seca,,,no documentado,gravimetría,Procedimiento y masas primarias registrados en las hojas Procedure y Data.,Academic_documents/resultados CIA y LASA muestreo 2/muestreo2_solidos_volatiles.xlsx,Data,B33 / BI33,,elegible,Caracterización gravimétrica primaria de sólidos.,,
M2,,,,estiércol precompostado,M2-EP-3,B33,3,3,replica_analitica,sólidos volátiles,82.9443892750745,%,masa seca,,,no documentado,gravimetría,Procedimiento y masas primarias registrados en las hojas Procedure y Data.,Academic_documents/resultados CIA y LASA muestreo 2/muestreo2_solidos_volatiles.xlsx,Data,B33 / BI33,,elegible,Caracterización gravimétrica primaria de sólidos.,,
