Escenario,Etapa del sistema,Fase metodológica,Proceso o fenómeno modelado,Variable o flujo calculado,Ecuación,Relación de cálculo,Dato de actividad,Parámetro o factor,Procedencia,Fuente metodológica,Salida o uso posterior
A,A1: Precomposteo,Construcción del dato de actividad,Cuantificación del flujo anual de la etapa,Estiércol fresco recolectado,M11,m A1 = m recolectado,Masa recolectada publicada para la misma lechería,No aplica; uso directo del dato publicado,Secundaria; dato publicado del sitio,Sánchez-Romero y Brenes-Gamboa (2026),Dato de actividad del inventario y masa de entrada a la transformación A1→A2
A,A2: Lombricompostaje,Construcción del dato de actividad,Cuantificación del flujo anual de la etapa,Masa húmeda inferida de precompostado,M12,"m A2 = m A1 × promedio(R j); R j = (d f,j × a f,j)/(d p,j × a p,j)",Masa A1 publicada y factor experimental integrado a partir de materia seca y cenizas de M1–M2,Razón de transformación húmeda A1→A2 calculada primero por jornada y promediada con igual peso,Mixta: primaria y secundaria; factor de transformación primario y masa A1 secundaria; tratamiento calculado,Mediciones gravimétricas del TFG para el factor; Sánchez-Romero y Brenes-Gamboa (2026) para la masa A1,Masa húmeda inferida que ingresa a A2 y dato de actividad del inventario
A,A3: Almacenamiento de aguas verdes,Construcción del dato de actividad,Cuantificación del flujo anual de la etapa,Estiércol remanente arrastrable,M13,m A3 = m depositado − m recolectado,Masa recolectada publicada y masa depositada derivada del supuesto bibliográfico vigente,Fracción recolectada derivada de datos publicados y supuesto con base bibliográfica,Secundaria; datos publicados y supuesto con base bibliográfica; tratamiento calculado,Sánchez-Romero y Brenes-Gamboa (2026),"Masa de estiércol de A3 usada para N, sólidos volátiles y CH₄; excluye agua de lavado"
A,A4: Aplicación de aguas verdes en campos de pastoreo,Construcción del dato de actividad,Cuantificación del flujo anual de la etapa,Masa equivalente total de aguas verdes,M14,"m eq,A4 = m remanente + V agua × 1 kg/L",Estiércol remanente calculado y agua de lavado publicada,Convención de equivalencia 1 kg/L para representar la mezcla física,Secundaria: componentes derivados de datos publicados y supuesto bibliográfico; No aplica: convención del estudio para 1 kg/L; tratamiento calculado,Sánchez-Romero y Brenes-Gamboa (2026); convención explícita de equivalencia de la mezcla,Representación de mezcla/dilución; no constituye nueva masa de N ni base de las ecuaciones de emisiones del suelo
B,B1: Almacenamiento de purines,Construcción del dato de actividad,Cuantificación del flujo anual de la etapa,Estiércol total teóricamente depositado,M15,m B1 = m recolectado / f recolectada,Masa recolectada publicada y fracción recolectada derivada del supuesto bibliográfico vigente,Fracción recolectada derivada de datos publicados y supuesto con base bibliográfica,Secundaria; datos publicados y supuesto con base bibliográfica; tratamiento calculado,Sánchez-Romero y Brenes-Gamboa (2026),"Masa de estiércol de B1 usada para N, sólidos volátiles y CH₄; excluye agua de lavado"
B,B2: Aplicación de purines en campo de pastoreo,Construcción del dato de actividad,Cuantificación del flujo anual de la etapa,Masa equivalente total de purines,M16,"m eq,B2 = m depositado + V agua × 1 kg/L",Estiércol total depositado calculado y agua de lavado publicada,Convención de equivalencia 1 kg/L para representar la mezcla física,Secundaria: componentes derivados de datos publicados y supuesto bibliográfico; No aplica: convención del estudio para 1 kg/L; tratamiento calculado,Sánchez-Romero y Brenes-Gamboa (2026); convención explícita de equivalencia de la mezcla,Representación de mezcla/dilución; no constituye nueva masa de N ni base de las ecuaciones de emisiones del suelo
A,A1: Precomposteo,Construcción del inventario,Disponibilidad de sólidos volátiles en la masa húmeda,Fracción de sólidos volátiles en base húmeda,M02,"f SV,húmeda = (%SV/100) × (%MS/100)",Masa húmeda de estiércol de la etapa,Materia seca y sólidos volátiles integrados,Primaria; mediciones experimentales M1–M2 integradas,Determinaciones gravimétricas de Bioenergía,Entrada de la ecuación de CH₄
A,A1: Precomposteo,Generación del inventario,Producción de metano durante el manejo,CH₄ biogénico,E01,"m CH₄ = m manejada × f SV,húmeda × B₀ × ρ CH₄ × (MCF/100) × AWMS",Masa húmeda y fracción de sólidos volátiles de la etapa,B₀; densidad de CH₄; MCF; AWMS,Mixta: primaria y secundaria; tratamiento calculado o propagado,"IPCC 2019, volumen 4, capítulo 10",Flujo elemental a aire para cambio climático EF 3.1
A,A1: Precomposteo,Balance físico de nitrógeno,Inicialización de N total y TAN frescos,N total y TAN de entrada,N01,"N total,entrada = m manejada × f N,húmeda; TAN entrada = 0,60 × N total,entrada",Masa de estiércol fresco de la etapa y fracción másica de N integrada,"TAN/N = 0,60 únicamente en fronteras frescas",Mixta: primaria y secundaria; tratamiento calculado o propagado,EMEP/EEA 2023 y caracterización experimental activa,Base secuencial de emisiones nitrogenadas y balance de salida
A,A1: Precomposteo,Generación del inventario,Volatilización de amoniaco durante el manejo,NH₃ y NH₃-N,N03,N NH₃ = TAN base × f NH₃; m NH₃ = N NH₃ × 17/14,TAN de entrada,Factor EMEP/EEA de almacenamiento sólido; cálculo paralelo sobre la misma base de TAN antes del descuento conjunto,"Mixta: primaria y secundaria; dato de actividad o reserva de N heredada de entradas primarias y secundarias, con factor metodológico secundario; tratamiento calculado","EMEP/EEA 2023, capítulo 3.B, tabla 3-9",Flujo elemental a aire; precursor explícito de N₂O indirecto
A,A1: Precomposteo,Generación del inventario,Emisión de óxidos de nitrógeno durante el manejo,NOx reportado como NO₂ y NOx-N,N04,N NOx = TAN base × f NO; m NO2 = N NOx × 46/14,TAN de entrada,Factor EMEP/EEA de NO-N para almacenamiento sólido o líquido; cálculo paralelo sobre la misma base de TAN antes del descuento conjunto,"Mixta: primaria y secundaria; dato de actividad o reserva de N heredada de entradas primarias y secundarias, con factor metodológico secundario; tratamiento calculado","EMEP/EEA 2023, capítulo 3.B, tabla 3-10",Flujo elemental a aire; precursor explícito de N₂O indirecto
A,A1: Precomposteo,Balance físico de nitrógeno,Pérdida de nitrógeno molecular durante el manejo,N₂-N,N05,N N2 = TAN base × f N2,TAN de entrada,Factor EMEP/EEA de N₂-N para almacenamiento sólido o líquido; cálculo paralelo sobre la misma base de TAN antes del descuento conjunto,"Mixta: primaria y secundaria; dato de actividad o reserva de N heredada de entradas primarias y secundarias, con factor metodológico secundario; tratamiento calculado","EMEP/EEA 2023, capítulo 3.B, tabla 3-10",Pérdida física descontada junto con NH₃-N y NO-N; sin factor de caracterización actual
A,A1: Precomposteo,Generación del inventario,Formación directa de óxido nitroso durante el manejo,N₂O directo,N06,"m N₂O,directo = N total,entrada × EF3 × 44/28",N total de entrada de la etapa,EF3 del sistema de manejo asignado,"Mixta: primaria y secundaria; dato de actividad o reserva de N heredada de entradas primarias y secundarias, con factor metodológico secundario; tratamiento calculado","IPCC 2019, volumen 4, capítulo 10, tabla 10.21",Flujo elemental a aire para cambio climático EF 3.1
A,A1: Precomposteo,Generación del inventario,Formación indirecta de N₂O por deposición atmosférica,N₂O indirecto por volatilización,N07,"m N₂O,ind,vol = (N NH₃ + N NOx) × EF4 × 44/28",NH₃-N y NOx-N explícitos de la etapa,"EF4 = 0,014","Mixta: primaria y secundaria; dato de actividad o reserva de N heredada de entradas primarias y secundarias, con factor metodológico secundario; tratamiento calculado","IPCC 2019, volumen 4, capítulo 11, tabla 11.3",Flujo elemental a aire para cambio climático EF 3.1
A,A2: Lombricompostaje,Construcción del inventario,Disponibilidad de sólidos volátiles en la masa húmeda,Fracción de sólidos volátiles en base húmeda,M02,"f SV,húmeda = (%SV/100) × (%MS/100)",Masa húmeda de estiércol de la etapa,Materia seca y sólidos volátiles integrados,Primaria; mediciones experimentales M1–M2 integradas,Determinaciones gravimétricas de Bioenergía,Entrada de la ecuación de CH₄
A,A2: Lombricompostaje,Generación del inventario,Producción de metano durante el manejo,CH₄ biogénico,E01,"m CH₄ = m manejada × f SV,húmeda × B₀ × ρ CH₄ × (MCF/100) × AWMS",Masa húmeda y fracción de sólidos volátiles de la etapa,B₀; densidad de CH₄; MCF; AWMS,Mixta: primaria y secundaria; tratamiento calculado o propagado,"IPCC 2019, volumen 4, capítulo 10",Flujo elemental a aire para cambio climático EF 3.1
A,A2: Lombricompostaje,Balance físico de nitrógeno,Propagación interetapa de N total y TAN,N total y TAN de entrada,N10,"N total,entrada,A2 = N total,salida,A1; TAN entrada,A2 = TAN salida,A1",N total y TAN propagados desde A1,Sin reinicialización con la medición intermedia,Mixta: primaria y secundaria; tratamiento calculado o propagado,EMEP/EEA 2023 y caracterización experimental activa,Base secuencial de emisiones nitrogenadas y balance de salida
A,A2: Lombricompostaje,Generación del inventario,Volatilización de amoniaco en lombricompostaje,NH₃ y NH₃-N,N03K,"m NH₃ = (m A2/1000) × 12,8/1000; N NH₃ = m NH₃ × 14/17",Masa húmeda inferida que ingresa a A2,"12,8 g NH₃/Mg de residuo orgánico húmedo; cálculo independiente antes del descuento conjunto","Mixta: primaria y secundaria; dato de actividad o reserva de N heredada de entradas primarias y secundarias, con factor metodológico secundario; tratamiento calculado",Komakech et al. (2016),Flujo elemental a aire; precursor explícito de N₂O indirecto; no reinicializa N/TAN
A,A2: Lombricompostaje,Generación del inventario,Emisión de óxidos de nitrógeno durante el manejo,NOx reportado como NO₂ y NOx-N,N04,N NOx = TAN base × f NO; m NO2 = N NOx × 46/14,TAN de entrada,Factor EMEP/EEA de NO-N para almacenamiento sólido o líquido; cálculo paralelo sobre la misma base de TAN antes del descuento conjunto,"Mixta: primaria y secundaria; dato de actividad o reserva de N heredada de entradas primarias y secundarias, con factor metodológico secundario; tratamiento calculado","EMEP/EEA 2023, capítulo 3.B, tabla 3-10",Flujo elemental a aire; precursor explícito de N₂O indirecto
A,A2: Lombricompostaje,Balance físico de nitrógeno,Pérdida de nitrógeno molecular durante el manejo,N₂-N,N05,N N2 = TAN base × f N2,TAN de entrada,Factor EMEP/EEA de N₂-N para almacenamiento sólido o líquido; cálculo paralelo sobre la misma base de TAN antes del descuento conjunto,"Mixta: primaria y secundaria; dato de actividad o reserva de N heredada de entradas primarias y secundarias, con factor metodológico secundario; tratamiento calculado","EMEP/EEA 2023, capítulo 3.B, tabla 3-10",Pérdida física descontada junto con NH₃-N y NO-N; sin factor de caracterización actual
A,A2: Lombricompostaje,Generación del inventario,Formación directa de óxido nitroso durante el manejo,N₂O directo,N06,"m N₂O,directo = N total,entrada × EF3 × 44/28",N total de entrada de la etapa,EF3 del sistema de manejo asignado,"Mixta: primaria y secundaria; dato de actividad o reserva de N heredada de entradas primarias y secundarias, con factor metodológico secundario; tratamiento calculado","IPCC 2019, volumen 4, capítulo 10, tabla 10.21",Flujo elemental a aire para cambio climático EF 3.1
A,A2: Lombricompostaje,Generación del inventario,Formación indirecta de N₂O por deposición atmosférica,N₂O indirecto por volatilización,N07,"m N₂O,ind,vol = (N NH₃ + N NOx) × EF4 × 44/28",NH₃-N y NOx-N explícitos de la etapa,"EF4 = 0,014","Mixta: primaria y secundaria; dato de actividad o reserva de N heredada de entradas primarias y secundarias, con factor metodológico secundario; tratamiento calculado","IPCC 2019, volumen 4, capítulo 11, tabla 11.3",Flujo elemental a aire para cambio climático EF 3.1
A,A3: Almacenamiento de aguas verdes,Construcción del inventario,Disponibilidad de sólidos volátiles en la masa húmeda,Fracción de sólidos volátiles en base húmeda,M02,"f SV,húmeda = (%SV/100) × (%MS/100)",Masa húmeda de estiércol de la etapa,Materia seca y sólidos volátiles integrados,Primaria; mediciones experimentales M1–M2 integradas,Determinaciones gravimétricas de Bioenergía,Entrada de la ecuación de CH₄
A,A3: Almacenamiento de aguas verdes,Generación del inventario,Producción de metano durante el manejo,CH₄ biogénico,E01,"m CH₄ = m manejada × f SV,húmeda × B₀ × ρ CH₄ × (MCF/100) × AWMS",Masa húmeda y fracción de sólidos volátiles de la etapa,B₀; densidad de CH₄; MCF; AWMS,Mixta: primaria y secundaria; tratamiento calculado o propagado,"IPCC 2019, volumen 4, capítulo 10",Flujo elemental a aire para cambio climático EF 3.1
A,A3: Almacenamiento de aguas verdes,Balance físico de nitrógeno,Inicialización de N total y TAN frescos,N total y TAN de entrada,N01,"N total,entrada = m manejada × f N,húmeda; TAN entrada = 0,60 × N total,entrada",Masa de estiércol fresco de la etapa y fracción másica de N integrada,"TAN/N = 0,60 únicamente en fronteras frescas",Mixta: primaria y secundaria; tratamiento calculado o propagado,EMEP/EEA 2023 y caracterización experimental activa,Base secuencial de emisiones nitrogenadas y balance de salida
A,A3: Almacenamiento de aguas verdes,Balance físico de nitrógeno,Mineralización de N orgánico antes del almacenamiento líquido,TAN disponible,N02,N mineralizado = (N total − TAN entrada) × f min; TAN disponible = TAN entrada + N mineralizado,N total y TAN de entrada,"f min = 0,10","Mixta: primaria y secundaria; dato de actividad o reserva de N heredada de entradas primarias y secundarias, con factor metodológico secundario; tratamiento calculado","EMEP/EEA 2023, capítulo 3.B, ecuación 32","Reserva de TAN sobre la que se estiman NH₃, NO y N₂"
A,A3: Almacenamiento de aguas verdes,Generación del inventario,Volatilización de amoniaco durante el manejo,NH₃ y NH₃-N,N03,N NH₃ = TAN base × f NH₃; m NH₃ = N NH₃ × 17/14,TAN disponible,Factor EMEP/EEA de almacenamiento líquido; cálculo paralelo sobre la misma base de TAN antes del descuento conjunto,"Mixta: primaria y secundaria; dato de actividad o reserva de N heredada de entradas primarias y secundarias, con factor metodológico secundario; tratamiento calculado","EMEP/EEA 2023, capítulo 3.B, tabla 3-9",Flujo elemental a aire; precursor explícito de N₂O indirecto
A,A3: Almacenamiento de aguas verdes,Generación del inventario,Emisión de óxidos de nitrógeno durante el manejo,NOx reportado como NO₂ y NOx-N,N04,N NOx = TAN base × f NO; m NO2 = N NOx × 46/14,TAN disponible,Factor EMEP/EEA de NO-N para almacenamiento sólido o líquido; cálculo paralelo sobre la misma base de TAN antes del descuento conjunto,"Mixta: primaria y secundaria; dato de actividad o reserva de N heredada de entradas primarias y secundarias, con factor metodológico secundario; tratamiento calculado","EMEP/EEA 2023, capítulo 3.B, tabla 3-10",Flujo elemental a aire; precursor explícito de N₂O indirecto
A,A3: Almacenamiento de aguas verdes,Balance físico de nitrógeno,Pérdida de nitrógeno molecular durante el manejo,N₂-N,N05,N N2 = TAN base × f N2,TAN disponible,Factor EMEP/EEA de N₂-N para almacenamiento sólido o líquido; cálculo paralelo sobre la misma base de TAN antes del descuento conjunto,"Mixta: primaria y secundaria; dato de actividad o reserva de N heredada de entradas primarias y secundarias, con factor metodológico secundario; tratamiento calculado","EMEP/EEA 2023, capítulo 3.B, tabla 3-10",Pérdida física descontada junto con NH₃-N y NO-N; sin factor de caracterización actual
A,A3: Almacenamiento de aguas verdes,Generación del inventario,Formación directa de óxido nitroso durante el manejo,N₂O directo,N06,"m N₂O,directo = N total,entrada × EF3 × 44/28",N total de entrada de la etapa,"EF3 = 0 del sistema líquido vigente; produce cero en el modelo, sin afirmar imposibilidad física","Mixta: primaria y secundaria; dato de actividad o reserva de N heredada de entradas primarias y secundarias, con factor metodológico secundario; tratamiento calculado","IPCC 2019, volumen 4, capítulo 10, tabla 10.21",N₂O directo igual a cero en el modelo vigente; no implica ausencia física universal
A,A3: Almacenamiento de aguas verdes,Generación del inventario,Formación indirecta de N₂O por deposición atmosférica,N₂O indirecto por volatilización,N07,"m N₂O,ind,vol = (N NH₃ + N NOx) × EF4 × 44/28",NH₃-N y NOx-N explícitos de la etapa,"EF4 = 0,014","Mixta: primaria y secundaria; dato de actividad o reserva de N heredada de entradas primarias y secundarias, con factor metodológico secundario; tratamiento calculado","IPCC 2019, volumen 4, capítulo 11, tabla 11.3",Flujo elemental a aire para cambio climático EF 3.1
B,B1: Almacenamiento de purines,Construcción del inventario,Disponibilidad de sólidos volátiles en la masa húmeda,Fracción de sólidos volátiles en base húmeda,M02,"f SV,húmeda = (%SV/100) × (%MS/100)",Masa húmeda de estiércol de la etapa,Materia seca y sólidos volátiles integrados,Primaria; mediciones experimentales M1–M2 integradas,Determinaciones gravimétricas de Bioenergía,Entrada de la ecuación de CH₄
B,B1: Almacenamiento de purines,Generación del inventario,Producción de metano durante el manejo,CH₄ biogénico,E01,"m CH₄ = m manejada × f SV,húmeda × B₀ × ρ CH₄ × (MCF/100) × AWMS",Masa húmeda y fracción de sólidos volátiles de la etapa,B₀; densidad de CH₄; MCF; AWMS,Mixta: primaria y secundaria; tratamiento calculado o propagado,"IPCC 2019, volumen 4, capítulo 10",Flujo elemental a aire para cambio climático EF 3.1
B,B1: Almacenamiento de purines,Balance físico de nitrógeno,Inicialización de N total y TAN frescos,N total y TAN de entrada,N01,"N total,entrada = m manejada × f N,húmeda; TAN entrada = 0,60 × N total,entrada",Masa de estiércol fresco de la etapa y fracción másica de N integrada,"TAN/N = 0,60 únicamente en fronteras frescas",Mixta: primaria y secundaria; tratamiento calculado o propagado,EMEP/EEA 2023 y caracterización experimental activa,Base secuencial de emisiones nitrogenadas y balance de salida
B,B1: Almacenamiento de purines,Balance físico de nitrógeno,Mineralización de N orgánico antes del almacenamiento líquido,TAN disponible,N02,N mineralizado = (N total − TAN entrada) × f min; TAN disponible = TAN entrada + N mineralizado,N total y TAN de entrada,"f min = 0,10","Mixta: primaria y secundaria; dato de actividad o reserva de N heredada de entradas primarias y secundarias, con factor metodológico secundario; tratamiento calculado","EMEP/EEA 2023, capítulo 3.B, ecuación 32","Reserva de TAN sobre la que se estiman NH₃, NO y N₂"
B,B1: Almacenamiento de purines,Generación del inventario,Volatilización de amoniaco durante el manejo,NH₃ y NH₃-N,N03,N NH₃ = TAN base × f NH₃; m NH₃ = N NH₃ × 17/14,TAN disponible,Factor EMEP/EEA de almacenamiento líquido; cálculo paralelo sobre la misma base de TAN antes del descuento conjunto,"Mixta: primaria y secundaria; dato de actividad o reserva de N heredada de entradas primarias y secundarias, con factor metodológico secundario; tratamiento calculado","EMEP/EEA 2023, capítulo 3.B, tabla 3-9",Flujo elemental a aire; precursor explícito de N₂O indirecto
B,B1: Almacenamiento de purines,Generación del inventario,Emisión de óxidos de nitrógeno durante el manejo,NOx reportado como NO₂ y NOx-N,N04,N NOx = TAN base × f NO; m NO2 = N NOx × 46/14,TAN disponible,Factor EMEP/EEA de NO-N para almacenamiento sólido o líquido; cálculo paralelo sobre la misma base de TAN antes del descuento conjunto,"Mixta: primaria y secundaria; dato de actividad o reserva de N heredada de entradas primarias y secundarias, con factor metodológico secundario; tratamiento calculado","EMEP/EEA 2023, capítulo 3.B, tabla 3-10",Flujo elemental a aire; precursor explícito de N₂O indirecto
B,B1: Almacenamiento de purines,Balance físico de nitrógeno,Pérdida de nitrógeno molecular durante el manejo,N₂-N,N05,N N2 = TAN base × f N2,TAN disponible,Factor EMEP/EEA de N₂-N para almacenamiento sólido o líquido; cálculo paralelo sobre la misma base de TAN antes del descuento conjunto,"Mixta: primaria y secundaria; dato de actividad o reserva de N heredada de entradas primarias y secundarias, con factor metodológico secundario; tratamiento calculado","EMEP/EEA 2023, capítulo 3.B, tabla 3-10",Pérdida física descontada junto con NH₃-N y NO-N; sin factor de caracterización actual
B,B1: Almacenamiento de purines,Generación del inventario,Formación directa de óxido nitroso durante el manejo,N₂O directo,N06,"m N₂O,directo = N total,entrada × EF3 × 44/28",N total de entrada de la etapa,"EF3 = 0 del sistema líquido vigente; produce cero en el modelo, sin afirmar imposibilidad física","Mixta: primaria y secundaria; dato de actividad o reserva de N heredada de entradas primarias y secundarias, con factor metodológico secundario; tratamiento calculado","IPCC 2019, volumen 4, capítulo 10, tabla 10.21",N₂O directo igual a cero en el modelo vigente; no implica ausencia física universal
B,B1: Almacenamiento de purines,Generación del inventario,Formación indirecta de N₂O por deposición atmosférica,N₂O indirecto por volatilización,N07,"m N₂O,ind,vol = (N NH₃ + N NOx) × EF4 × 44/28",NH₃-N y NOx-N explícitos de la etapa,"EF4 = 0,014","Mixta: primaria y secundaria; dato de actividad o reserva de N heredada de entradas primarias y secundarias, con factor metodológico secundario; tratamiento calculado","IPCC 2019, volumen 4, capítulo 11, tabla 11.3",Flujo elemental a aire para cambio climático EF 3.1
A,A1: Precomposteo,Generación del inventario,Pérdida hídrica de N estimada durante el manejo,N perdido por la ruta hídrica modelada,N08,"N water loss = N total,entrada × FracLeachMS",N total de entrada en A1,"FracLeachMS = 0,04","Mixta: primaria y secundaria; dato de actividad o reserva de N heredada de entradas primarias y secundarias, con factor metodológico secundario; tratamiento calculado","IPCC 2019, volumen 4, capítulo 10, tabla 10.22","Pérdida hídrica modelada que, por la frontera metodológica aprobada, se trata después como entrada a la ruta de suelo; no produce directamente NO₃⁻"
A,A1: Precomposteo,Generación del inventario,Ruta posterior de lixiviación o escorrentía en el suelo,"N lixiviado, NO₃⁻ y N₂O indirecto",N09,"N lix = N water loss × FracLEACH; m NO₃⁻ = N lix × 62/14; m N₂O,ind,lix = N lix × EF5 × 44/28",Pérdida hídrica A1 tratada como entrada al suelo según la frontera aprobada,"FracLEACH = 0,24; conversión 62/14; EF5 = 0,011","Mixta: primaria y secundaria; dato de actividad o reserva de N heredada de entradas primarias y secundarias, con factor metodológico secundario; tratamiento calculado","IPCC 2019, volumen 4, capítulo 11, tabla 11.3",NO₃⁻ a agua dulce y N₂O a aire para caracterización EF 3.1
A,A4: Aplicación de aguas verdes en campos de pastoreo,Balance físico de nitrógeno,Propagación desde el almacenamiento hacia la aplicación,N total y TAN aplicados,N10,"N aplicado,A4 = N salida,A3; TAN aplicado,A4 = TAN salida,A3",Salida de N total y TAN de A3,Sin reinicialización con la medición líquida,Mixta: primaria y secundaria; tratamiento calculado o propagado,Balance secuencial vigente de N total y TAN,Base de las rutas de aplicación al suelo
A,A4: Aplicación de aguas verdes en campos de pastoreo,Generación del inventario,Volatilización de amoniaco durante la aplicación,NH₃ y NH₃-N,N11,"N NH₃,aplic = TAN aplicado × f NH₃,aplic; m NH₃ = N NH₃ × 17/14",TAN aplicado propagado,"0,55 kg NH₃-N/kg TAN","Mixta: primaria y secundaria; dato de actividad o reserva de N heredada de entradas primarias y secundarias, con factor metodológico secundario; tratamiento calculado","EMEP/EEA 2023, capítulo 3.B, tabla 3-9",Flujo elemental a aire; precursor explícito de N₂O indirecto
A,A4: Aplicación de aguas verdes en campos de pastoreo,Generación del inventario,Emisión de óxidos de nitrógeno durante la aplicación,NOx reportado como NO₂ y NOx-N,N12,"m NO2 = N aplicado × 0,04; N NOx = m NO2 × 14/46",N total aplicado propagado,"0,04 kg NO₂/kg N aplicado","Mixta: primaria y secundaria; dato de actividad o reserva de N heredada de entradas primarias y secundarias, con factor metodológico secundario; tratamiento calculado","EMEP/EEA 2023, capítulo 3.D, tabla 3-1",Flujo elemental a aire; precursor explícito de N₂O indirecto
A,A4: Aplicación de aguas verdes en campos de pastoreo,Generación del inventario,Formación directa de N₂O en suelo,N₂O directo,N13,"m N₂O,directo = N aplicado × EF1 × 44/28",N total aplicado propagado,"EF1 = 0,006","Mixta: primaria y secundaria; dato de actividad o reserva de N heredada de entradas primarias y secundarias, con factor metodológico secundario; tratamiento calculado","IPCC 2019, volumen 4, capítulo 11, tabla 11.1",Flujo elemental a aire para cambio climático EF 3.1
A,A4: Aplicación de aguas verdes en campos de pastoreo,Generación del inventario,Formación indirecta de N₂O por deposición atmosférica,N₂O indirecto por volatilización,N14,"m N₂O,ind,vol = (N NH₃ + N NOx) × EF4 × 44/28",NH₃-N y NOx-N explícitos de la aplicación,"EF4 = 0,014","Mixta: primaria y secundaria; dato de actividad o reserva de N heredada de entradas primarias y secundarias, con factor metodológico secundario; tratamiento calculado","IPCC 2019, volumen 4, capítulo 11, tabla 11.3",Flujo elemental a aire para cambio climático EF 3.1
A,A4: Aplicación de aguas verdes en campos de pastoreo,Generación del inventario,Lixiviación o escorrentía desde el suelo,N lixiviado y NO₃⁻,N15,N lix = N aplicado × FracLEACH; m NO₃⁻ = N lix × 62/14,N total aplicado propagado,"FracLEACH = 0,24","Mixta: primaria y secundaria; dato de actividad o reserva de N heredada de entradas primarias y secundarias, con factor metodológico secundario; tratamiento calculado","IPCC 2019, volumen 4, capítulo 11, tabla 11.3",NO₃⁻ a agua dulce para eutrofización marina EF 3.1
A,A4: Aplicación de aguas verdes en campos de pastoreo,Generación del inventario,Formación indirecta de N₂O por lixiviación o escorrentía,N₂O indirecto por lixiviación,N16,"m N₂O,ind,lix = N lix × EF5 × 44/28",N lixiviado o escurrido,"EF5 = 0,011","Mixta: primaria y secundaria; dato de actividad o reserva de N heredada de entradas primarias y secundarias, con factor metodológico secundario; tratamiento calculado","IPCC 2019, volumen 4, capítulo 11, tabla 11.3",Flujo elemental a aire para cambio climático EF 3.1
B,B2: Aplicación de purines en campo de pastoreo,Balance físico de nitrógeno,Propagación desde el almacenamiento hacia la aplicación,N total y TAN aplicados,N10,"N aplicado,B2 = N salida,B1; TAN aplicado,B2 = TAN salida,B1",Salida de N total y TAN de B1,Sin reinicialización con la medición líquida,Mixta: primaria y secundaria; tratamiento calculado o propagado,Balance secuencial vigente de N total y TAN,Base de las rutas de aplicación al suelo
B,B2: Aplicación de purines en campo de pastoreo,Generación del inventario,Volatilización de amoniaco durante la aplicación,NH₃ y NH₃-N,N11,"N NH₃,aplic = TAN aplicado × f NH₃,aplic; m NH₃ = N NH₃ × 17/14",TAN aplicado propagado,"0,55 kg NH₃-N/kg TAN","Mixta: primaria y secundaria; dato de actividad o reserva de N heredada de entradas primarias y secundarias, con factor metodológico secundario; tratamiento calculado","EMEP/EEA 2023, capítulo 3.B, tabla 3-9",Flujo elemental a aire; precursor explícito de N₂O indirecto
B,B2: Aplicación de purines en campo de pastoreo,Generación del inventario,Emisión de óxidos de nitrógeno durante la aplicación,NOx reportado como NO₂ y NOx-N,N12,"m NO2 = N aplicado × 0,04; N NOx = m NO2 × 14/46",N total aplicado propagado,"0,04 kg NO₂/kg N aplicado","Mixta: primaria y secundaria; dato de actividad o reserva de N heredada de entradas primarias y secundarias, con factor metodológico secundario; tratamiento calculado","EMEP/EEA 2023, capítulo 3.D, tabla 3-1",Flujo elemental a aire; precursor explícito de N₂O indirecto
B,B2: Aplicación de purines en campo de pastoreo,Generación del inventario,Formación directa de N₂O en suelo,N₂O directo,N13,"m N₂O,directo = N aplicado × EF1 × 44/28",N total aplicado propagado,"EF1 = 0,006","Mixta: primaria y secundaria; dato de actividad o reserva de N heredada de entradas primarias y secundarias, con factor metodológico secundario; tratamiento calculado","IPCC 2019, volumen 4, capítulo 11, tabla 11.1",Flujo elemental a aire para cambio climático EF 3.1
B,B2: Aplicación de purines en campo de pastoreo,Generación del inventario,Formación indirecta de N₂O por deposición atmosférica,N₂O indirecto por volatilización,N14,"m N₂O,ind,vol = (N NH₃ + N NOx) × EF4 × 44/28",NH₃-N y NOx-N explícitos de la aplicación,"EF4 = 0,014","Mixta: primaria y secundaria; dato de actividad o reserva de N heredada de entradas primarias y secundarias, con factor metodológico secundario; tratamiento calculado","IPCC 2019, volumen 4, capítulo 11, tabla 11.3",Flujo elemental a aire para cambio climático EF 3.1
B,B2: Aplicación de purines en campo de pastoreo,Generación del inventario,Lixiviación o escorrentía desde el suelo,N lixiviado y NO₃⁻,N15,N lix = N aplicado × FracLEACH; m NO₃⁻ = N lix × 62/14,N total aplicado propagado,"FracLEACH = 0,24","Mixta: primaria y secundaria; dato de actividad o reserva de N heredada de entradas primarias y secundarias, con factor metodológico secundario; tratamiento calculado","IPCC 2019, volumen 4, capítulo 11, tabla 11.3",NO₃⁻ a agua dulce para eutrofización marina EF 3.1
B,B2: Aplicación de purines en campo de pastoreo,Generación del inventario,Formación indirecta de N₂O por lixiviación o escorrentía,N₂O indirecto por lixiviación,N16,"m N₂O,ind,lix = N lix × EF5 × 44/28",N lixiviado o escurrido,"EF5 = 0,011","Mixta: primaria y secundaria; dato de actividad o reserva de N heredada de entradas primarias y secundarias, con factor metodológico secundario; tratamiento calculado","IPCC 2019, volumen 4, capítulo 11, tabla 11.3",Flujo elemental a aire para cambio climático EF 3.1
A,A3: Almacenamiento de aguas verdes,Inventario operativo,Bombeo del agua pluvial de lavado,Consumo eléctrico y contribución climática agregada,O01,E = (P mec/η) × (365/d ciclo) × n lavados × (t lavado/60); CC elec = E × FE IMN,Potencia de placa y operación observada/comunicada; eficiencia supuesta; anualización,"η = 0,80 como supuesto del estudio; factor agregado IMN de consumo eléctrico 2025","Primaria: placa, tiempos y frecuencias; No aplica: supuesto del estudio para η = 0,80; Secundaria: factor IMN; tratamiento calculado y anualizado",Placa y registro de campo; supuesto explícito del estudio; IMN (2026),Contribución agregada de cambio climático; no es una emisión elemental EF 3.1
B,B1: Almacenamiento de purines,Inventario operativo,Bombeo del agua pluvial de lavado,Consumo eléctrico y contribución climática agregada,O01,E = (P mec/η) × (365/d ciclo) × n lavados × (t lavado/60); CC elec = E × FE IMN,Potencia de placa y operación observada/comunicada; eficiencia supuesta; anualización,"η = 0,80 como supuesto del estudio; factor agregado IMN de consumo eléctrico 2025","Primaria: placa, tiempos y frecuencias; No aplica: supuesto del estudio para η = 0,80; Secundaria: factor IMN; tratamiento calculado y anualizado",Placa y registro de campo; supuesto explícito del estudio; IMN (2026),Contribución agregada de cambio climático; no es una emisión elemental EF 3.1
A,A4: Aplicación de aguas verdes en campos de pastoreo,Inventario operativo,Combustión de diésel en tractor y cañón,"Diésel; CO₂ fósil, CH₄ fósil y N₂O",O02,"V diesel = (365/d ciclo) × (t operación/60) × q diesel; m i = V diesel × FE IMN,i",Frecuencia y duración operativa comunicadas; consumo de 3 L/h supuesto; anualización,"q diesel = 3 L/h como supuesto del estudio; factores físicos IMN para CO₂, CH₄ y N₂O",Primaria: frecuencia y duración comunicadas; No aplica: supuesto del estudio para 3 L/h; Secundaria: factores IMN; tratamiento calculado y anualizado,Registro de campo; supuesto explícito del estudio; IMN (2026),Flujos elementales fósiles para caracterización climática EF 3.1
B,B2: Aplicación de purines en campo de pastoreo,Inventario operativo,Combustión de diésel en tractor y cañón,"Diésel; CO₂ fósil, CH₄ fósil y N₂O",O02,"V diesel = (365/d ciclo) × (t operación/60) × q diesel; m i = V diesel × FE IMN,i",Frecuencia y duración operativa comunicadas; consumo de 3 L/h supuesto; anualización,"q diesel = 3 L/h como supuesto del estudio; factores físicos IMN para CO₂, CH₄ y N₂O",Primaria: frecuencia y duración comunicadas; No aplica: supuesto del estudio para 3 L/h; Secundaria: factores IMN; tratamiento calculado y anualizado,Registro de campo; supuesto explícito del estudio; IMN (2026),Flujos elementales fósiles para caracterización climática EF 3.1
A,A1: Precomposteo,Caracterización de impactos,Conversión de flujos elementales en indicadores ambientales,"Cambio climático, eutrofización terrestre y eutrofización marina",C01,"I c = Σ i (m i × CF i,c), i ∈ {CH₄, N₂O, NH₃, NOx, NO₃⁻}","Emisiones elementales de CH₄, N₂O, NH₃, NOx y NO₃⁻ generadas en A1","Factores EF 3.1 por identidad, compartimento y categoría",Mixta: primaria y secundaria; inventario con procedencia heredada y factores EF 3.1 secundarios; tratamiento calculado,Environmental Footprint 3.1 de la Comisión Europea y el JRC,"Cambio climático, eutrofización terrestre y eutrofización marina de A1"
A,A2: Lombricompostaje,Caracterización de impactos,Conversión de flujos elementales en indicadores ambientales,"Cambio climático, eutrofización terrestre y eutrofización marina",C01,"I c = Σ i (m i × CF i,c), i ∈ {CH₄, N₂O, NH₃, NOx}","Emisiones elementales de CH₄, N₂O, NH₃ y NOx generadas en A2; sin recursos operativos","Factores EF 3.1 por identidad, compartimento y categoría",Mixta: primaria y secundaria; inventario con procedencia heredada y factores EF 3.1 secundarios; tratamiento calculado,Environmental Footprint 3.1 de la Comisión Europea y el JRC,"Cambio climático, eutrofización terrestre y eutrofización marina de A2"
A,A3: Almacenamiento de aguas verdes,Caracterización de impactos,Conversión de flujos elementales en indicadores ambientales,"Cambio climático, eutrofización terrestre y eutrofización marina",C01,"I c = Σ i (m i × CF i,c) + 1 (c=CC) × (E × FE IMN,elec)","Emisiones elementales de CH₄, N₂O, NH₃ y NOx de A3; electricidad anual como actividad separada",EF 3.1 para emisiones elementales; factor eléctrico agregado IMN aplicado directamente a cambio climático,Mixta: primaria y secundaria; inventario con procedencia heredada y factores EF 3.1 e IMN secundarios; tratamiento calculado,Environmental Footprint 3.1 de la Comisión Europea y el JRC; IMN (2026) para electricidad agregada,"Indicadores de A3; electricidad sumada directamente a cambio climático, fuera de Σ(m i × CF i,c)"
A,A4: Aplicación de aguas verdes en campos de pastoreo,Caracterización de impactos,Conversión de flujos elementales en indicadores ambientales,"Cambio climático, eutrofización terrestre y eutrofización marina",C01,"I c = Σ i (m i × CF i,c), i ∈ {N₂O, NH₃, NOx, NO₃⁻, CO₂ fósil, CH₄ fósil, N₂O de combustión}; los tres flujos fósiles se obtienen primero con IMN","Emisiones elementales de suelo y emisiones físicas de CO₂ fósil, CH₄ fósil y N₂O de combustión del diésel",Factores físicos IMN para obtener emisiones del diésel; factores EF 3.1 para caracterizarlas,"Mixta: primaria y secundaria; inventario con procedencia heredada, factores físicos IMN y factores EF 3.1 secundarios; tratamiento calculado",IMN (2026) para emisiones físicas del diésel; Environmental Footprint 3.1 para caracterización,Indicadores de A4; ruta del diésel IMN → emisiones físicas → EF 3.1
B,B1: Almacenamiento de purines,Caracterización de impactos,Conversión de flujos elementales en indicadores ambientales,"Cambio climático, eutrofización terrestre y eutrofización marina",C01,"I c = Σ i (m i × CF i,c) + 1 (c=CC) × (E × FE IMN,elec)","Emisiones elementales de CH₄, N₂O, NH₃ y NOx de B1; electricidad anual como actividad separada",EF 3.1 para emisiones elementales; factor eléctrico agregado IMN aplicado directamente a cambio climático,Mixta: primaria y secundaria; inventario con procedencia heredada y factores EF 3.1 e IMN secundarios; tratamiento calculado,Environmental Footprint 3.1 de la Comisión Europea y el JRC; IMN (2026) para electricidad agregada,"Indicadores de B1; electricidad sumada directamente a cambio climático, fuera de Σ(m i × CF i,c)"
B,B2: Aplicación de purines en campo de pastoreo,Caracterización de impactos,Conversión de flujos elementales en indicadores ambientales,"Cambio climático, eutrofización terrestre y eutrofización marina",C01,"I c = Σ i (m i × CF i,c), i ∈ {N₂O, NH₃, NOx, NO₃⁻, CO₂ fósil, CH₄ fósil, N₂O de combustión}; los tres flujos fósiles se obtienen primero con IMN","Emisiones elementales de suelo y emisiones físicas de CO₂ fósil, CH₄ fósil y N₂O de combustión del diésel",Factores físicos IMN para obtener emisiones del diésel; factores EF 3.1 para caracterizarlas,"Mixta: primaria y secundaria; inventario con procedencia heredada, factores físicos IMN y factores EF 3.1 secundarios; tratamiento calculado",IMN (2026) para emisiones físicas del diésel; Environmental Footprint 3.1 para caracterización,Indicadores de B2; ruta del diésel IMN → emisiones físicas → EF 3.1
