variable_o_familia,etapas,valor_o_tipo_informacion,procedencia_academica,subtipo_procedencia,tratamiento_tfg,fuente_concreta,uso_metodologico
Caracterización fisicoquímica de los materiales del estudio,"A1, A2, A3, A4, B1 y B2",8 variables integradas en 4 tipos de material; corrida M1–M2,Primaria,Medición experimental del TFG y servicio analítico externo sobre sus muestras,Medido; resumido por muestra y jornada; integrado estadísticamente cuando es compatible,"Muestreo del investigador, Bioenergía y reportes CIA/LASA de las muestras del TFG","Caracterización, parámetros experimentales y referencias de contraste del inventario"
"Tiempos, frecuencias y operación observada de la finca","A3, A4, B1, B2",5 parámetros operativos de campo,Primaria,Observación o registro de campo específico del estudio,Observado o comunicado; anualizado de forma reproducible,Nota de campo y comunicación con operarios del 25 de agosto de 2026,"Duración y frecuencia de bombeo, almacenamiento y aplicación"
Características nominales observadas en equipos,"A3, B1",1 característica nominal de equipo,Primaria,Observación directa de placa,Observado,Placa de la bomba Aermotor 20HBP200-01,Estimación del consumo eléctrico del bombeo
Parámetros operativos publicados de la misma lechería,"A1, A2, A3, A4, B1 y B2",6 parámetros publicados,Secundaria,Datos publicados previamente para el sitio de estudio,Publicado; usado directamente o anualizado,Sánchez-Romero y Brenes-Gamboa (2026),"Población, permanencia, estiércol recolectado y agua de lavado"
Fracción de generación de estiércol durante la permanencia en sala,"A1, A3, B1",1 supuesto basado en intervalo publicado,Secundaria,Literatura aplicada como base de un supuesto explícito,Supuesto del estudio,Límite inferior del intervalo bibliográfico citado por Sánchez-Romero y Brenes-Gamboa (2026),Estimación conservadora del estiércol depositado durante la permanencia en sala
"Eficiencia de bomba, consumo de diésel y anualización operativa","A3, A4, B1, B2",2 supuestos explícitos con contexto de campo,No aplica: supuesto del estudio,Supuesto numérico definido para el modelo,Supuesto del estudio,"Definición explícita del estudio; la nota de campo aporta contexto operativo, no el valor numérico supuesto",Cálculo de consumos de electricidad y diésel
Identidades temporales para prorrateo y anualización,"A1, A2, A3, A4, B1 y B2",3 registros estructurados de convenciones temporales,No aplica: convención del estudio,"Identidad temporal, no fuente empírica ni bibliográfica",Convención de cálculo,Definición temporal del modelo,Prorrateo diario y expresión anual de los flujos
Transformación de masa de estiércol fresco a precompostado,A1 y A2,Factor integrado de 2 jornadas elegibles,Primaria,Derivación a partir de mediciones experimentales del TFG,Calculado por jornada e integrado estadísticamente,Materia seca y cenizas determinadas en Bioenergía durante M1 y M2,Conversión de masa húmeda entre A1 y A2
Factores y procedimientos IPCC para manejo y suelos,"A1, A2, A3, A4, B1 y B2",16 parámetros activos o de QA/QC con fuente IPCC,Secundaria,Guía metodológica oficial internacional,Factor metodológico,Refinamiento 2019 de las Directrices IPCC de 2006,"Estimación de CH₄, N₂O y rutas hídricas de nitrógeno"
Factores EMEP/EEA de nitrógeno reactivo,"A1, A2, A3, A4, B1 y B2",10 parámetros activos,Secundaria,Guía metodológica oficial de inventarios de emisiones,Factor metodológico,EMEP/EEA Air Pollutant Emission Inventory Guidebook 2023,"Inicialización y pérdidas explícitas de TAN, NH₃, NO y N₂"
Factor experimental de NH₃ utilizado como aproximación en A2,A2,1 factor activo de literatura científica,Secundaria,Artículo científico utilizado como aproximación cuantitativa,Factor metodológico de literatura,Komakech et al. (2016),Estimación de NH₃ en A2
Factores nacionales para recursos energéticos,"A3, A4, B1 y B2",4 factores aprobados,Secundaria,Documento técnico oficial nacional,Factor de emisión o consumo agregado,"Instituto Meteorológico Nacional, Factores de emisión de gases de efecto invernadero (2026)",Emisiones asociadas con electricidad y combustión de diésel
Factores de caracterización de impacto,"A1, A2, A3, A4, B1 y B2",9 correspondencias flujo–categoría,Secundaria,Método oficial de evaluación de impacto,Factor de caracterización,Environmental Footprint 3.1 de la Comisión Europea y el JRC,"Cambio climático, eutrofización terrestre y eutrofización marina"
"Masas, volúmenes y consumos del inventario","A1, A2, A3, A4, B1 y B2",6 flujos por etapa construidos reproduciblemente,Mixta: primaria y secundaria,Procedencia heredada y separable de componentes primarios y secundarios; no constituye una tercera clase de fuente,Calculado o derivado,"Caracterización y registros primarios, junto con publicaciones y bases bibliográficas secundarias, conservados en sus familias de origen",Datos de actividad del inventario por etapa; la futura matriz metodológica A1–B2 aportará trazabilidad más fina
N total y TAN propagados entre etapas,"A1→A2, A3→A4 y B1→B2",Parámetros experimentales promovidos en 6 etapas y factores metodológicos,Mixta: primaria y secundaria,Procedencia heredada y separable de caracterización primaria y factores metodológicos secundarios; no constituye una tercera clase de fuente,Calculado y propagado entre etapas,"Integración experimental M1–M2 (primaria) y factores IPCC, EMEP/EEA o de literatura (secundarios), conservados por componente",Cierre secuencial de nitrógeno y estimación de emisiones; la futura matriz metodológica A1–B2 aportará trazabilidad más fina
