escenario,etapa,nombre_etapa,tipo_muestra,modelo_calculo,sistema_manejo_ipcc,parametro,valor,unidad,fuente_dato,observaciones,flujo,fuente,formula_origen
A,1,Etapa 1: Precomposteo,ESTIERCOL FRESCO,ipcc,composting_pasive,Nitrogeno total reportado,0.5180555555555556,% N total,muestreos_integracion_interjornada_provisional.csv,Valor de caracterizacion; no usar directamente en ecuaciones de N,,,
A,1,Etapa 1: Precomposteo,ESTIERCOL FRESCO,ipcc,composting_pasive,Nitrogeno total como fraccion masica,0.005180555555555556,kg N/kg masa húmeda,muestreos_integracion_interjornada_provisional.csv,A2 incorpora la materia seca gravimétrica; las demás etapas conservan la base analítica vigente,,,
A,1,Etapa 1: Precomposteo,ESTIERCOL FRESCO,ipcc,composting_pasive,Solidos volatiles,84.71294891424387,% base seca,muestreos_integracion_interjornada_provisional.csv,Parametro para CH4 en etapas solidas,,,
A,1,Etapa 1: Precomposteo,ESTIERCOL FRESCO,ipcc,composting_pasive,Materia seca,13.59995828105796,% masa húmeda,muestreos_integracion_interjornada_provisional.csv,Fracción de materia seca usada en etapas sólidas,,,
A,1,Etapa 1: Precomposteo,ESTIERCOL FRESCO,ipcc,composting_pasive,Masa equivalente total,17525.1,kg eq/año,processed/ipcc_sistemas_manejo_estiercol_factores.csv; processed/ipcc_factores_manejo_overrides_etapa.csv; processed/masa_total_escenario_etapa.csv,Base de escalamiento por etapa,,,
A,1,Etapa 1: Precomposteo,ESTIERCOL FRESCO,ipcc,composting_pasive,MCF,2.5,%,processed/ipcc_sistemas_manejo_estiercol_factores.csv; processed/ipcc_factores_manejo_overrides_etapa.csv; processed/masa_total_escenario_etapa.csv,Factor IPCC por sistema de manejo,,,
A,1,Etapa 1: Precomposteo,ESTIERCOL FRESCO,ipcc,composting_pasive,EF3,0.005,kg N2O-N/kg N,processed/ipcc_sistemas_manejo_estiercol_factores.csv; processed/ipcc_factores_manejo_overrides_etapa.csv; processed/masa_total_escenario_etapa.csv,Factor IPCC por sistema de manejo,,,
A,1,Etapa 1: Precomposteo,ESTIERCOL FRESCO,ipcc,composting_pasive,Fraccion de N volatilizado en MMS,0.45,adimensional,processed/ipcc_sistemas_manejo_estiercol_factores.csv; processed/ipcc_factores_manejo_overrides_etapa.csv; processed/masa_total_escenario_etapa.csv,Factor IPCC por sistema de manejo,,,
A,1,Etapa 1: Precomposteo,ESTIERCOL FRESCO,ipcc,composting_pasive,Fraccion de N lixiviado en MMS,0.04,adimensional,processed/ipcc_sistemas_manejo_estiercol_factores.csv; processed/ipcc_factores_manejo_overrides_etapa.csv; processed/masa_total_escenario_etapa.csv,Factor efectivo; A2 aplica un valor específico del sistema estudiado,,,
A,2,Etapa 2: Lombricompostaje,SOL: PRECOMPOSTADO,ipcc,composting_pasive,Nitrogeno total reportado,2.5041666666666664,% N total,muestreos_integracion_interjornada_provisional.csv,Valor de caracterizacion; no usar directamente en ecuaciones de N,,,
A,2,Etapa 2: Lombricompostaje,SOL: PRECOMPOSTADO,ipcc,composting_pasive,Nitrogeno total como fraccion masica,0.0051755975306530325,kg N/kg masa húmeda,muestreos_integracion_interjornada_provisional.csv,A2 incorpora la materia seca gravimétrica; las demás etapas conservan la base analítica vigente,,,
A,2,Etapa 2: Lombricompostaje,SOL: PRECOMPOSTADO,ipcc,composting_pasive,Solidos volatiles,75.02449871865076,% base seca,muestreos_integracion_interjornada_provisional.csv,Parametro para CH4 en etapas solidas,,,
A,2,Etapa 2: Lombricompostaje,SOL: PRECOMPOSTADO,ipcc,composting_pasive,Materia seca,20.667943550028752,% masa húmeda,muestreos_integracion_interjornada_provisional.csv,Fracción de materia seca usada en etapas sólidas,,,
A,2,Etapa 2: Lombricompostaje,SOL: PRECOMPOSTADO,ipcc,composting_pasive,Masa equivalente total,7429.968647,kg eq/año,processed/ipcc_sistemas_manejo_estiercol_factores.csv; processed/ipcc_factores_manejo_overrides_etapa.csv; processed/masa_total_escenario_etapa.csv,Base de escalamiento por etapa,,,
A,2,Etapa 2: Lombricompostaje,SOL: PRECOMPOSTADO,ipcc,composting_pasive,MCF,2.5,%,processed/ipcc_sistemas_manejo_estiercol_factores.csv; processed/ipcc_factores_manejo_overrides_etapa.csv; processed/masa_total_escenario_etapa.csv,Factor IPCC por sistema de manejo,,,
A,2,Etapa 2: Lombricompostaje,SOL: PRECOMPOSTADO,ipcc,composting_pasive,EF3,0.005,kg N2O-N/kg N,processed/ipcc_sistemas_manejo_estiercol_factores.csv; processed/ipcc_factores_manejo_overrides_etapa.csv; processed/masa_total_escenario_etapa.csv,Factor IPCC por sistema de manejo,,,
A,2,Etapa 2: Lombricompostaje,SOL: PRECOMPOSTADO,ipcc,composting_pasive,Fraccion de N volatilizado en MMS,0.45,adimensional,processed/ipcc_sistemas_manejo_estiercol_factores.csv; processed/ipcc_factores_manejo_overrides_etapa.csv; processed/masa_total_escenario_etapa.csv,Factor IPCC por sistema de manejo,,,
A,2,Etapa 2: Lombricompostaje,SOL: PRECOMPOSTADO,ipcc,composting_pasive,Fraccion de N lixiviado en MMS,0.0,adimensional,processed/ipcc_sistemas_manejo_estiercol_factores.csv; processed/ipcc_factores_manejo_overrides_etapa.csv; processed/masa_total_escenario_etapa.csv,Factor efectivo; A2 aplica un valor específico del sistema estudiado,,,
A,3,Etapa 3: Almacenamiento de aguas verdes,ESTIERCOL FRESCO,ipcc,liquid_slurry_without_natural_crust,Nitrogeno total reportado,0.5180555555555556,% N total,muestreos_integracion_interjornada_provisional.csv,Valor de caracterizacion; no usar directamente en ecuaciones de N,,,
A,3,Etapa 3: Almacenamiento de aguas verdes,ESTIERCOL FRESCO,ipcc,liquid_slurry_without_natural_crust,Nitrogeno total como fraccion masica,0.005180555555555556,kg N/kg masa húmeda,muestreos_integracion_interjornada_provisional.csv,A2 incorpora la materia seca gravimétrica; las demás etapas conservan la base analítica vigente,,,
A,3,Etapa 3: Almacenamiento de aguas verdes,ESTIERCOL FRESCO,ipcc,liquid_slurry_without_natural_crust,Solidos volatiles,84.71294891424387,% base seca,muestreos_integracion_interjornada_provisional.csv,Parametro para CH4 en etapas solidas,,,
A,3,Etapa 3: Almacenamiento de aguas verdes,ESTIERCOL FRESCO,ipcc,liquid_slurry_without_natural_crust,Materia seca,13.59995828105796,% masa húmeda,muestreos_integracion_interjornada_provisional.csv,Fracción de materia seca usada en etapas sólidas,,,
A,3,Etapa 3: Almacenamiento de aguas verdes,ESTIERCOL FRESCO,ipcc,liquid_slurry_without_natural_crust,Masa equivalente total,8753.625181,kg eq/año,processed/ipcc_sistemas_manejo_estiercol_factores.csv; processed/ipcc_factores_manejo_overrides_etapa.csv; processed/masa_total_escenario_etapa.csv,Base de escalamiento por etapa,,,
A,3,Etapa 3: Almacenamiento de aguas verdes,ESTIERCOL FRESCO,ipcc,liquid_slurry_without_natural_crust,MCF,38.0,%,processed/ipcc_sistemas_manejo_estiercol_factores.csv; processed/ipcc_factores_manejo_overrides_etapa.csv; processed/masa_total_escenario_etapa.csv,Factor IPCC por sistema de manejo,,,
A,3,Etapa 3: Almacenamiento de aguas verdes,ESTIERCOL FRESCO,ipcc,liquid_slurry_without_natural_crust,EF3,0.0,kg N2O-N/kg N,processed/ipcc_sistemas_manejo_estiercol_factores.csv; processed/ipcc_factores_manejo_overrides_etapa.csv; processed/masa_total_escenario_etapa.csv,Factor IPCC por sistema de manejo,,,
A,3,Etapa 3: Almacenamiento de aguas verdes,ESTIERCOL FRESCO,ipcc,liquid_slurry_without_natural_crust,Fraccion de N volatilizado en MMS,0.48,adimensional,processed/ipcc_sistemas_manejo_estiercol_factores.csv; processed/ipcc_factores_manejo_overrides_etapa.csv; processed/masa_total_escenario_etapa.csv,Factor IPCC por sistema de manejo,,,
A,3,Etapa 3: Almacenamiento de aguas verdes,ESTIERCOL FRESCO,ipcc,liquid_slurry_without_natural_crust,Fraccion de N lixiviado en MMS,0.0,adimensional,processed/ipcc_sistemas_manejo_estiercol_factores.csv; processed/ipcc_factores_manejo_overrides_etapa.csv; processed/masa_total_escenario_etapa.csv,Factor efectivo; A2 aplica un valor específico del sistema estudiado,,,
A,4,Etapa 4: Aplicación de aguas verdes en campos de pastoreo,LIQ: AGUA VERDE,ipcc,land_application_managed_liquid_slurry,Nitrogeno total reportado,0.0092558888888888,% N total,muestreos_integracion_interjornada_provisional.csv,Valor de caracterizacion; no usar directamente en ecuaciones de N,,,
A,4,Etapa 4: Aplicación de aguas verdes en campos de pastoreo,LIQ: AGUA VERDE,ipcc,land_application_managed_liquid_slurry,Nitrogeno total como fraccion masica,9.2558888888888e-05,kg N/kg masa húmeda,muestreos_integracion_interjornada_provisional.csv,A2 incorpora la materia seca gravimétrica; las demás etapas conservan la base analítica vigente,,,
A,4,Etapa 4: Aplicación de aguas verdes en campos de pastoreo,LIQ: AGUA VERDE,ipcc,land_application_managed_liquid_slurry,Solidos volatiles,,% base seca,muestreos_integracion_interjornada_provisional.csv,Parametro para CH4 en etapas solidas,,,
A,4,Etapa 4: Aplicación de aguas verdes en campos de pastoreo,LIQ: AGUA VERDE,ipcc,land_application_managed_liquid_slurry,Materia seca,,% masa húmeda,muestreos_integracion_interjornada_provisional.csv,Fracción de materia seca usada en etapas sólidas,,,
A,4,Etapa 4: Aplicación de aguas verdes en campos de pastoreo,LIQ: AGUA VERDE,ipcc,land_application_managed_liquid_slurry,Masa equivalente total,259326.125181,kg eq/año,processed/ipcc_sistemas_manejo_estiercol_factores.csv; processed/ipcc_factores_manejo_overrides_etapa.csv; processed/masa_total_escenario_etapa.csv,Base de escalamiento por etapa,,,
A,4,Etapa 4: Aplicación de aguas verdes en campos de pastoreo,LIQ: AGUA VERDE,ipcc,land_application_managed_liquid_slurry,MCF,0.0,%,processed/ipcc_sistemas_manejo_estiercol_factores.csv; processed/ipcc_factores_manejo_overrides_etapa.csv; processed/masa_total_escenario_etapa.csv,Factor IPCC por sistema de manejo,,,
A,4,Etapa 4: Aplicación de aguas verdes en campos de pastoreo,LIQ: AGUA VERDE,ipcc,land_application_managed_liquid_slurry,EF3,0.0,kg N2O-N/kg N,processed/ipcc_sistemas_manejo_estiercol_factores.csv; processed/ipcc_factores_manejo_overrides_etapa.csv; processed/masa_total_escenario_etapa.csv,Factor IPCC por sistema de manejo,,,
A,4,Etapa 4: Aplicación de aguas verdes en campos de pastoreo,LIQ: AGUA VERDE,ipcc,land_application_managed_liquid_slurry,Fraccion de N volatilizado en MMS,0.0,adimensional,processed/ipcc_sistemas_manejo_estiercol_factores.csv; processed/ipcc_factores_manejo_overrides_etapa.csv; processed/masa_total_escenario_etapa.csv,Factor IPCC por sistema de manejo,,,
A,4,Etapa 4: Aplicación de aguas verdes en campos de pastoreo,LIQ: AGUA VERDE,ipcc,land_application_managed_liquid_slurry,Fraccion de N lixiviado en MMS,0.0,adimensional,processed/ipcc_sistemas_manejo_estiercol_factores.csv; processed/ipcc_factores_manejo_overrides_etapa.csv; processed/masa_total_escenario_etapa.csv,Factor efectivo; A2 aplica un valor específico del sistema estudiado,,,
B,1,Etapa 1: Almacenamiento de purines,ESTIERCOL FRESCO,ipcc,liquid_slurry_without_natural_crust,Nitrogeno total reportado,0.5180555555555556,% N total,muestreos_integracion_interjornada_provisional.csv,Valor de caracterizacion; no usar directamente en ecuaciones de N,,,
B,1,Etapa 1: Almacenamiento de purines,ESTIERCOL FRESCO,ipcc,liquid_slurry_without_natural_crust,Nitrogeno total como fraccion masica,0.005180555555555556,kg N/kg masa húmeda,muestreos_integracion_interjornada_provisional.csv,A2 incorpora la materia seca gravimétrica; las demás etapas conservan la base analítica vigente,,,
B,1,Etapa 1: Almacenamiento de purines,ESTIERCOL FRESCO,ipcc,liquid_slurry_without_natural_crust,Solidos volatiles,84.71294891424387,% base seca,muestreos_integracion_interjornada_provisional.csv,Parametro para CH4 en etapas solidas,,,
B,1,Etapa 1: Almacenamiento de purines,ESTIERCOL FRESCO,ipcc,liquid_slurry_without_natural_crust,Materia seca,13.59995828105796,% masa húmeda,muestreos_integracion_interjornada_provisional.csv,Fracción de materia seca usada en etapas sólidas,,,
B,1,Etapa 1: Almacenamiento de purines,ESTIERCOL FRESCO,ipcc,liquid_slurry_without_natural_crust,Masa equivalente total,26278.725181,kg eq/año,processed/ipcc_sistemas_manejo_estiercol_factores.csv; processed/ipcc_factores_manejo_overrides_etapa.csv; processed/masa_total_escenario_etapa.csv,Base de escalamiento por etapa,,,
B,1,Etapa 1: Almacenamiento de purines,ESTIERCOL FRESCO,ipcc,liquid_slurry_without_natural_crust,MCF,38.0,%,processed/ipcc_sistemas_manejo_estiercol_factores.csv; processed/ipcc_factores_manejo_overrides_etapa.csv; processed/masa_total_escenario_etapa.csv,Factor IPCC por sistema de manejo,,,
B,1,Etapa 1: Almacenamiento de purines,ESTIERCOL FRESCO,ipcc,liquid_slurry_without_natural_crust,EF3,0.0,kg N2O-N/kg N,processed/ipcc_sistemas_manejo_estiercol_factores.csv; processed/ipcc_factores_manejo_overrides_etapa.csv; processed/masa_total_escenario_etapa.csv,Factor IPCC por sistema de manejo,,,
B,1,Etapa 1: Almacenamiento de purines,ESTIERCOL FRESCO,ipcc,liquid_slurry_without_natural_crust,Fraccion de N volatilizado en MMS,0.48,adimensional,processed/ipcc_sistemas_manejo_estiercol_factores.csv; processed/ipcc_factores_manejo_overrides_etapa.csv; processed/masa_total_escenario_etapa.csv,Factor IPCC por sistema de manejo,,,
B,1,Etapa 1: Almacenamiento de purines,ESTIERCOL FRESCO,ipcc,liquid_slurry_without_natural_crust,Fraccion de N lixiviado en MMS,0.0,adimensional,processed/ipcc_sistemas_manejo_estiercol_factores.csv; processed/ipcc_factores_manejo_overrides_etapa.csv; processed/masa_total_escenario_etapa.csv,Factor efectivo; A2 aplica un valor específico del sistema estudiado,,,
B,2,Etapa 2: Aplicación de purines en campo de pastoreo,LIQ: PURINES,ipcc,land_application_managed_liquid_slurry,Nitrogeno total reportado,0.0139377777777777,% N total,muestreos_integracion_interjornada_provisional.csv,Valor de caracterizacion; no usar directamente en ecuaciones de N,,,
B,2,Etapa 2: Aplicación de purines en campo de pastoreo,LIQ: PURINES,ipcc,land_application_managed_liquid_slurry,Nitrogeno total como fraccion masica,0.000139377777777777,kg N/kg masa húmeda,muestreos_integracion_interjornada_provisional.csv,A2 incorpora la materia seca gravimétrica; las demás etapas conservan la base analítica vigente,,,
B,2,Etapa 2: Aplicación de purines en campo de pastoreo,LIQ: PURINES,ipcc,land_application_managed_liquid_slurry,Solidos volatiles,,% base seca,muestreos_integracion_interjornada_provisional.csv,Parametro para CH4 en etapas solidas,,,
B,2,Etapa 2: Aplicación de purines en campo de pastoreo,LIQ: PURINES,ipcc,land_application_managed_liquid_slurry,Materia seca,,% masa húmeda,muestreos_integracion_interjornada_provisional.csv,Fracción de materia seca usada en etapas sólidas,,,
B,2,Etapa 2: Aplicación de purines en campo de pastoreo,LIQ: PURINES,ipcc,land_application_managed_liquid_slurry,Masa equivalente total,276851.225181,kg eq/año,processed/ipcc_sistemas_manejo_estiercol_factores.csv; processed/ipcc_factores_manejo_overrides_etapa.csv; processed/masa_total_escenario_etapa.csv,Base de escalamiento por etapa,,,
B,2,Etapa 2: Aplicación de purines en campo de pastoreo,LIQ: PURINES,ipcc,land_application_managed_liquid_slurry,MCF,0.0,%,processed/ipcc_sistemas_manejo_estiercol_factores.csv; processed/ipcc_factores_manejo_overrides_etapa.csv; processed/masa_total_escenario_etapa.csv,Factor IPCC por sistema de manejo,,,
B,2,Etapa 2: Aplicación de purines en campo de pastoreo,LIQ: PURINES,ipcc,land_application_managed_liquid_slurry,EF3,0.0,kg N2O-N/kg N,processed/ipcc_sistemas_manejo_estiercol_factores.csv; processed/ipcc_factores_manejo_overrides_etapa.csv; processed/masa_total_escenario_etapa.csv,Factor IPCC por sistema de manejo,,,
B,2,Etapa 2: Aplicación de purines en campo de pastoreo,LIQ: PURINES,ipcc,land_application_managed_liquid_slurry,Fraccion de N volatilizado en MMS,0.0,adimensional,processed/ipcc_sistemas_manejo_estiercol_factores.csv; processed/ipcc_factores_manejo_overrides_etapa.csv; processed/masa_total_escenario_etapa.csv,Factor IPCC por sistema de manejo,,,
B,2,Etapa 2: Aplicación de purines en campo de pastoreo,LIQ: PURINES,ipcc,land_application_managed_liquid_slurry,Fraccion de N lixiviado en MMS,0.0,adimensional,processed/ipcc_sistemas_manejo_estiercol_factores.csv; processed/ipcc_factores_manejo_overrides_etapa.csv; processed/masa_total_escenario_etapa.csv,Factor efectivo; A2 aplica un valor específico del sistema estudiado,,,
A,3,Etapa 3: Almacenamiento de aguas verdes,,,,,53.22916666666667,kWh/año,,Inventariado; proceso de fondo pendiente,Electricidad,Bombeo de agua pluvial para lavado,Parámetros operativos canónicos
A,4,Etapa 4: Aplicación de aguas verdes en campos de pastoreo,,,,,182.5,L/año,,Inventariado; proceso de fondo pendiente,Diésel,Tractor y cañón durante la aplicación,Parámetros operativos canónicos
B,1,Etapa 1: Almacenamiento de purines,,,,,53.22916666666667,kWh/año,,Inventariado; proceso de fondo pendiente,Electricidad,Bombeo de agua pluvial para lavado,Parámetros operativos canónicos
B,2,Etapa 2: Aplicación de purines en campo de pastoreo,,,,,182.5,L/año,,Inventariado; proceso de fondo pendiente,Diésel,Tractor y cañón durante la aplicación,Parámetros operativos canónicos
