tipo_factor,sistema_o_compuesto,factor,valor,unidad,fuente_dato,fuente_bibliografica_pendiente,observaciones
Factor IPCC por sistema de manejo,dry_lot,MCF,1.5,%,processed/ipcc_sistemas_manejo_estiercol_factores.csv,Si,Valores de referencia dry lot
Factor IPCC por sistema de manejo,dry_lot,EF3,0.02,kg N2O-N/kg N,processed/ipcc_sistemas_manejo_estiercol_factores.csv,Si,Valores de referencia dry lot
Factor IPCC por sistema de manejo,dry_lot,Fraccion volatilizada MMS,0.3,adimensional,processed/ipcc_sistemas_manejo_estiercol_factores.csv,Si,Valores de referencia dry lot
Factor IPCC por sistema de manejo,dry_lot,Fraccion lixiviada MMS,0.035,adimensional,processed/ipcc_sistemas_manejo_estiercol_factores.csv,Si,Valores de referencia dry lot
Factor IPCC por sistema de manejo,solid_storage,MCF,4.0,%,processed/ipcc_sistemas_manejo_estiercol_factores.csv,Si,Solidos almacenados
Factor IPCC por sistema de manejo,solid_storage,EF3,0.01,kg N2O-N/kg N,processed/ipcc_sistemas_manejo_estiercol_factores.csv,Si,Solidos almacenados
Factor IPCC por sistema de manejo,solid_storage,Fraccion volatilizada MMS,0.14,adimensional,processed/ipcc_sistemas_manejo_estiercol_factores.csv,Si,Solidos almacenados
Factor IPCC por sistema de manejo,solid_storage,Fraccion lixiviada MMS,0.0,adimensional,processed/ipcc_sistemas_manejo_estiercol_factores.csv,Si,Solidos almacenados
Factor IPCC por sistema de manejo,composting_invessel,MCF,0.5,%,processed/ipcc_sistemas_manejo_estiercol_factores.csv,Si,Compostaje / precompostado in vessel
Factor IPCC por sistema de manejo,composting_invessel,EF3,0.006,kg N2O-N/kg N,processed/ipcc_sistemas_manejo_estiercol_factores.csv,Si,Compostaje / precompostado in vessel
Factor IPCC por sistema de manejo,composting_invessel,Fraccion volatilizada MMS,0.45,adimensional,processed/ipcc_sistemas_manejo_estiercol_factores.csv,Si,Compostaje / precompostado in vessel
Factor IPCC por sistema de manejo,composting_invessel,Fraccion lixiviada MMS,0.0,adimensional,processed/ipcc_sistemas_manejo_estiercol_factores.csv,Si,Compostaje / precompostado in vessel
Factor IPCC por sistema de manejo,uncovered_anaerobic_lagoon,MCF,80.0,%,processed/ipcc_sistemas_manejo_estiercol_factores.csv,Si,Laguna anaerobia descubierta
Factor IPCC por sistema de manejo,uncovered_anaerobic_lagoon,EF3,0.0,kg N2O-N/kg N,processed/ipcc_sistemas_manejo_estiercol_factores.csv,Si,Laguna anaerobia descubierta
Factor IPCC por sistema de manejo,uncovered_anaerobic_lagoon,Fraccion volatilizada MMS,0.35,adimensional,processed/ipcc_sistemas_manejo_estiercol_factores.csv,Si,Laguna anaerobia descubierta
Factor IPCC por sistema de manejo,uncovered_anaerobic_lagoon,Fraccion lixiviada MMS,0.0,adimensional,processed/ipcc_sistemas_manejo_estiercol_factores.csv,Si,Laguna anaerobia descubierta
Factor IPCC por sistema de manejo,aerobic_treatment,MCF,0.0,%,processed/ipcc_sistemas_manejo_estiercol_factores.csv,Si,Tratamiento aerobio
Factor IPCC por sistema de manejo,aerobic_treatment,EF3,0.01,kg N2O-N/kg N,processed/ipcc_sistemas_manejo_estiercol_factores.csv,Si,Tratamiento aerobio
Factor IPCC por sistema de manejo,aerobic_treatment,Fraccion volatilizada MMS,0.27,adimensional,processed/ipcc_sistemas_manejo_estiercol_factores.csv,Si,Tratamiento aerobio
Factor IPCC por sistema de manejo,aerobic_treatment,Fraccion lixiviada MMS,0.0,adimensional,processed/ipcc_sistemas_manejo_estiercol_factores.csv,Si,Tratamiento aerobio
Factor IPCC por sistema de manejo,liquid_slurry,MCF,25.0,%,processed/ipcc_sistemas_manejo_estiercol_factores.csv,Si,Sistema liquido tipo slurry
Factor IPCC por sistema de manejo,liquid_slurry,EF3,0.0,kg N2O-N/kg N,processed/ipcc_sistemas_manejo_estiercol_factores.csv,Si,Sistema liquido tipo slurry
Factor IPCC por sistema de manejo,liquid_slurry,Fraccion volatilizada MMS,0.48,adimensional,processed/ipcc_sistemas_manejo_estiercol_factores.csv,Si,Sistema liquido tipo slurry
Factor IPCC por sistema de manejo,liquid_slurry,Fraccion lixiviada MMS,0.0,adimensional,processed/ipcc_sistemas_manejo_estiercol_factores.csv,Si,Sistema liquido tipo slurry
Factor IPCC por sistema de manejo,composting_intensive,MCF,1.5,%,processed/ipcc_sistemas_manejo_estiercol_factores.csv,Si,windrow_intensive
Factor IPCC por sistema de manejo,composting_intensive,EF3,0.005,kg N2O-N/kg N,processed/ipcc_sistemas_manejo_estiercol_factores.csv,Si,windrow_intensive
Factor IPCC por sistema de manejo,composting_intensive,Fraccion volatilizada MMS,0.5,adimensional,processed/ipcc_sistemas_manejo_estiercol_factores.csv,Si,windrow_intensive
Factor IPCC por sistema de manejo,composting_intensive,Fraccion lixiviada MMS,0.06,adimensional,processed/ipcc_sistemas_manejo_estiercol_factores.csv,Si,windrow_intensive
Factor IPCC por sistema de manejo,composting_pasive,MCF,2.5,%,processed/ipcc_sistemas_manejo_estiercol_factores.csv,Si,windrow_pasive
Factor IPCC por sistema de manejo,composting_pasive,EF3,0.005,kg N2O-N/kg N,processed/ipcc_sistemas_manejo_estiercol_factores.csv,Si,windrow_pasive
Factor IPCC por sistema de manejo,composting_pasive,Fraccion volatilizada MMS,0.45,adimensional,processed/ipcc_sistemas_manejo_estiercol_factores.csv,Si,windrow_pasive
Factor IPCC por sistema de manejo,composting_pasive,Fraccion lixiviada MMS,0.04,adimensional,processed/ipcc_sistemas_manejo_estiercol_factores.csv,Si,windrow_pasive
Factor de emision medido,medido,Factor medido CO2,0.102,kg CO2/kg residuo seco,processed/factores_emision_medidos.csv,Si,Factores medidos reportados por kg de residuo en base seca
Factor de emision medido,medido,Factor medido CH4,0.0076,kg CH4/kg residuo seco,processed/factores_emision_medidos.csv,Si,Factores medidos reportados por kg de residuo en base seca
Factor de emision medido,medido,Factor medido N2O,3.943e-08,kg N2O/kg residuo seco,processed/factores_emision_medidos.csv,Si,Factores medidos reportados por kg de residuo en base seca
Factor de caracterizacion,CH4,Potencial de calentamiento global,21.0,kg CO2-eq/kg sustancia,processed/acv_factores_equivalencia.csv,Si,Usado para calcular impacto_calentamiento_global_kg_co2eq
Factor de caracterizacion,N2O,Potencial de calentamiento global,310.0,kg CO2-eq/kg sustancia,processed/acv_factores_equivalencia.csv,Si,Usado para calcular impacto_calentamiento_global_kg_co2eq
Factor de caracterizacion,NH3,Potencial de eutrofizacion,0.35,kg PO4-eq/kg sustancia,processed/acv_factores_equivalencia.csv,Si,Usado para calcular impacto_eutrofizacion_kg_po4eq
Factor de caracterizacion,NO3,Potencial de eutrofizacion,0.095,kg PO4-eq/kg sustancia,processed/acv_factores_equivalencia.csv,Si,Usado para calcular impacto_eutrofizacion_kg_po4eq
Factor de caracterizacion,CO2,Potencial de calentamiento global,1.0,kg CO2-eq/kg sustancia,processed/acv_factores_equivalencia.csv,Si,Usado para calcular impacto_calentamiento_global_kg_co2eq
Factor hardcodeado auditado,,B0_T,0.24,m3 CH4/kg SV,scripts/ACV_EscenarioA_etapa1.py; scripts/ACV_EscenarioA_etapa2.py; scripts/ACV_EscenarioA_etapa3.py; scripts/ACV_EscenarioB_etapa1.py,Referencia IPCC o fuente del valor B0 para bovinos/lecheria,Debe moverse a tabla de parametros o citarse en metodologia.
Factor hardcodeado auditado,,AWMS,1.0,adimensional,scripts/ACV_EscenarioA_etapa1.py; scripts/ACV_EscenarioA_etapa2.py; scripts/ACV_EscenarioA_etapa3.py; scripts/ACV_EscenarioB_etapa1.py,Justificacion metodologica de asignacion completa al sistema,Representa fraccion gestionada por el sistema.
Factor hardcodeado auditado,,N,1.0,unidad o cabeza equivalente,scripts/ACV_EscenarioA_etapa1.py; scripts/ACV_EscenarioA_etapa2.py; scripts/ACV_EscenarioA_etapa3.py; scripts/ACV_EscenarioA_etapa4.py; scripts/ACV_EscenarioB_etapa1.py; scripts/ACV_EscenarioB_etapa2.py,Definicion de unidad funcional o cabeza equivalente,Se combina con escalamiento posterior por masa_total_kg_eq.
Factor hardcodeado auditado,,N_cdg,0.0,kg N/ano,scripts/ACV_EscenarioA_etapa1.py; scripts/ACV_EscenarioA_etapa2.py; scripts/ACV_EscenarioA_etapa3.py; scripts/ACV_EscenarioA_etapa4.py; scripts/ACV_EscenarioB_etapa1.py; scripts/ACV_EscenarioB_etapa2.py,Justificacion de ausencia de codigestion,Mantener si no hay codigestion.
Factor hardcodeado auditado,,EF1,0.006,kg N2O-N/kg N,scripts/ACV_EscenarioA_etapa4.py; scripts/ACV_EscenarioB_etapa2.py,Referencia IPCC para emisiones directas de N2O en suelos gestionados,Debe documentarse por fuente/version IPCC.
Factor hardcodeado auditado,,EF4,0.014,kg N2O-N/(kg NH3-N + NOx-N volatilizado),scripts/ACV_EscenarioA_etapa1.py; scripts/ACV_EscenarioA_etapa2.py; scripts/ACV_EscenarioA_etapa3.py; scripts/ACV_EscenarioA_etapa4.py; scripts/ACV_EscenarioB_etapa1.py; scripts/ACV_EscenarioB_etapa2.py,Referencia IPCC para deposicion atmosferica,Debe documentarse por fuente/version IPCC.
Factor hardcodeado auditado,,EF5,0.011,kg N2O-N/kg N lixiviado,scripts/ACV_EscenarioA_etapa1.py; scripts/ACV_EscenarioA_etapa2.py; scripts/ACV_EscenarioA_etapa3.py; scripts/ACV_EscenarioA_etapa4.py; scripts/ACV_EscenarioB_etapa1.py; scripts/ACV_EscenarioB_etapa2.py,Referencia IPCC para lixiviacion/escorrentia,Debe documentarse por fuente/version IPCC.
Factor hardcodeado auditado,,frac_gasm,0.21,adimensional,scripts/ACV_EscenarioA_etapa4.py; scripts/ACV_EscenarioB_etapa2.py,Referencia IPCC o decision metodologica,No esta en tabla de parametros.
Factor hardcodeado auditado,,frac_leach_h,0.24,adimensional,scripts/ACV_EscenarioA_etapa4.py; scripts/ACV_EscenarioB_etapa2.py,Referencia IPCC o decision metodologica,No esta en tabla de parametros.
Factor hardcodeado auditado,,R_N2_N2O,3.0,kg N2-N/kg N2O-N,scripts/ACV_EscenarioA_etapa4.py; scripts/ACV_EscenarioB_etapa2.py,Referencia IPCC,Se calcula pero no se exporta en resumen final.
Factor hardcodeado auditado,,FACTOR_N_A_N2O,1.571428571,kg N2O/kg N2O-N,scripts/ecuaciones_acv.py,No requiere fuente empirica; citar conversion molar si se explica,Constante derivada de masas molares.
Factor hardcodeado auditado,,FACTOR_N_A_NH3,1.214285714,kg NH3/kg N,scripts/ecuaciones_acv.py,No requiere fuente empirica; citar conversion molar si se explica,Constante derivada de masas molares.
Factor hardcodeado auditado,,FACTOR_N_A_NO3,4.428571429,kg NO3/kg N,scripts/ecuaciones_acv.py,Revisar formula estequiometrica esperada para NO3-,31/7 no corresponde a 62/14; requiere revision antes de tesis.
Factor hardcodeado auditado,,CH_4_eq,21.0,kg CO2-eq/kg CH4,scripts/ecuaciones_acv.py; processed/acv_factores_equivalencia.csv,Fuente/version IPCC o metodo LCIA,El calculo actual de impactos usa el CSV.
Factor hardcodeado auditado,,N_2_O_eq,310.0,kg CO2-eq/kg N2O,scripts/ecuaciones_acv.py; processed/acv_factores_equivalencia.csv,Fuente/version IPCC o metodo LCIA,El calculo actual de impactos usa el CSV.
Factor hardcodeado auditado,,NH_3_eq,0.35,kg PO4-eq/kg NH3,scripts/ecuaciones_acv.py; processed/acv_factores_equivalencia.csv,Fuente metodo LCIA,El calculo actual de impactos usa el CSV.
Factor hardcodeado auditado,,NO_3_eq,0.095,kg PO4-eq/kg NO3,scripts/ecuaciones_acv.py; processed/acv_factores_equivalencia.csv,Fuente metodo LCIA,El calculo actual de impactos usa el CSV.
Factor hardcodeado auditado,,co2_kg_por_kg_residuo_seco,0.102,kg CO2/kg residuo seco,processed/factores_emision_medidos.csv; scripts/ACV_EscenarioA_etapa2.py,Fuente experimental o bibliografica,"No hardcodeado, pero requiere fuente."
Factor hardcodeado auditado,,ch4_kg_por_kg_residuo_seco,0.0076,kg CH4/kg residuo seco,processed/factores_emision_medidos.csv; scripts/ACV_EscenarioA_etapa2.py,Fuente experimental o bibliografica,"No hardcodeado, pero requiere fuente."
Factor hardcodeado auditado,,n2o_kg_por_kg_residuo_seco,3.943e-08,kg N2O/kg residuo seco,processed/factores_emision_medidos.csv; scripts/ACV_EscenarioA_etapa2.py,Fuente experimental o bibliografica,"No hardcodeado, pero requiere fuente."
