tabla_origen,Escenario,Etapa,variable,valor_antes,valor_despues,diferencia_absoluta,diferencia_porcentual
ACV_resumen_emisiones,A,1.0,CH4_ec1,1.405241657133098,1.405241657133098,0.0,0.0
ACV_resumen_emisiones,A,1.0,CO2_medido,,,,
ACV_resumen_emisiones,A,1.0,N2O_ec14,,,,
ACV_resumen_emisiones,A,1.0,N2O_ec16,,,,
ACV_resumen_emisiones,A,1.0,N2O_ec18,,,,
ACV_resumen_emisiones,A,1.0,N2O_ec2,55.688436259420975,0.5568843625942097,-55.131551896826764,-99.0
ACV_resumen_emisiones,A,1.0,N2O_ec5,11.694571614478406,0.116945716144784,-11.577625898333622,-99.0
ACV_resumen_emisiones,A,1.0,N2O_ec6,1.0720023979938538,0.0107200239799385,-1.0612823740139152,-99.0
ACV_resumen_emisiones,A,1.0,NH3_ec12,355.46023787859303,3.55460237878593,-351.9056354998071,-99.0
ACV_resumen_emisiones,A,1.0,NH3_ec20,,,,
ACV_resumen_emisiones,A,1.0,NO3_ec13,1296.3843969689867,12.963843969689863,-1283.420552999297,-99.0
ACV_resumen_emisiones,A,1.0,NO3_ec21,,,,
ACV_resumen_emisiones,A,1.0,masa_total_kg_eq,4767.45683,4767.45683,0.0,0.0
ACV_resumen_emisiones,A,2.0,CH4_ec1,2.507384667511249,2.507384667511249,0.0,0.0
ACV_resumen_emisiones,A,2.0,CO2_medido,33.65174159028255,33.65174159028255,0.0,0.0
ACV_resumen_emisiones,A,2.0,N2O_ec14,,,,
ACV_resumen_emisiones,A,2.0,N2O_ec16,,,,
ACV_resumen_emisiones,A,2.0,N2O_ec18,,,,
ACV_resumen_emisiones,A,2.0,N2O_ec2,1.3008707557890596e-05,1.3008707557890596e-05,0.0,0.0
ACV_resumen_emisiones,A,2.0,N2O_ec5,0.0,0.0,0.0,
ACV_resumen_emisiones,A,2.0,N2O_ec6,0.0,0.0,0.0,
ACV_resumen_emisiones,A,2.0,NH3_ec12,0.0,0.0,0.0,
ACV_resumen_emisiones,A,2.0,NH3_ec20,,,,
ACV_resumen_emisiones,A,2.0,NO3_ec13,0.0,0.0,0.0,
ACV_resumen_emisiones,A,2.0,NO3_ec21,,,,
ACV_resumen_emisiones,A,2.0,masa_total_kg_eq,1472.39567,1472.39567,0.0,0.0
ACV_resumen_emisiones,A,3.0,CH4_ec1,5.641113467566541,5.641113467566541,0.0,0.0
ACV_resumen_emisiones,A,3.0,CO2_medido,,,,
ACV_resumen_emisiones,A,3.0,N2O_ec14,,,,
ACV_resumen_emisiones,A,3.0,N2O_ec16,,,,
ACV_resumen_emisiones,A,3.0,N2O_ec18,,,,
ACV_resumen_emisiones,A,3.0,N2O_ec2,0.0,0.0,0.0,
ACV_resumen_emisiones,A,3.0,N2O_ec5,1.0269426696088584,0.0102694266960885,-1.0166732429127698,-99.0
ACV_resumen_emisiones,A,3.0,N2O_ec6,0.0,0.0,0.0,
ACV_resumen_emisiones,A,3.0,NH3_ec12,27.94417699348,0.2794417699347999,-27.6647352235452,-99.0
ACV_resumen_emisiones,A,3.0,NH3_ec20,,,,
ACV_resumen_emisiones,A,3.0,NO3_ec13,101.91405727033884,1.0191405727033882,-100.89491669763545,-99.0
ACV_resumen_emisiones,A,3.0,NO3_ec21,,,,
ACV_resumen_emisiones,A,3.0,masa_total_kg_eq,358.840837,358.840837,0.0,0.0
ACV_resumen_emisiones,A,4.0,CH4_ec1,,,,
ACV_resumen_emisiones,A,4.0,CO2_medido,,,,
ACV_resumen_emisiones,A,4.0,N2O_ec14,4.863870602165071,0.0486387060216507,-4.815231896143421,-99.00000000000001
ACV_resumen_emisiones,A,4.0,N2O_ec16,2.3832965950608846,0.0238329659506088,-2.3594636291102757,-99.0
ACV_resumen_emisiones,A,4.0,N2O_ec18,2.140103064952631,0.0214010306495263,-2.1187020343031047,-98.99999999999999
ACV_resumen_emisiones,A,4.0,N2O_ec2,,,,
ACV_resumen_emisiones,A,4.0,N2O_ec5,,,,
ACV_resumen_emisiones,A,4.0,N2O_ec6,,,,
ACV_resumen_emisiones,A,4.0,NH3_ec12,,,,
ACV_resumen_emisiones,A,4.0,NH3_ec20,139.19402780773262,1.3919402780773262,-137.8020875296553,-99.0
ACV_resumen_emisiones,A,4.0,NO3_ec13,,,,
ACV_resumen_emisiones,A,4.0,NO3_ec21,507.6488072987896,5.076488072987896,-502.5723192258017,-99.0
ACV_resumen_emisiones,A,4.0,masa_total_kg_eq,71789.81012,71789.81012,0.0,0.0
ACV_resumen_emisiones,B,1.0,CH4_ec1,80.58733518133177,80.58733518133177,0.0,0.0
ACV_resumen_emisiones,B,1.0,CO2_medido,,,,
ACV_resumen_emisiones,B,1.0,N2O_ec14,,,,
ACV_resumen_emisiones,B,1.0,N2O_ec16,,,,
ACV_resumen_emisiones,B,1.0,N2O_ec18,,,,
ACV_resumen_emisiones,B,1.0,N2O_ec2,0.0,0.0,0.0,
ACV_resumen_emisiones,B,1.0,N2O_ec5,14.670609553167,0.1467060955316699,-14.523903457635331,-99.0
ACV_resumen_emisiones,B,1.0,N2O_ec6,0.0,0.0,0.0,
ACV_resumen_emisiones,B,1.0,NH3_ec12,399.2025281334175,3.992025281334175,-395.2105028520833,-99.0
ACV_resumen_emisiones,B,1.0,NH3_ec20,,,,
ACV_resumen_emisiones,B,1.0,NO3_ec13,1455.9151026042289,14.559151026042285,-1441.3559515781867,-99.00000000000001
ACV_resumen_emisiones,B,1.0,NO3_ec21,,,,
ACV_resumen_emisiones,B,1.0,masa_total_kg_eq,5126.297667,5126.297667,0.0,0.0
ACV_resumen_emisiones,B,2.0,CH4_ec1,,,,
ACV_resumen_emisiones,B,2.0,CO2_medido,,,,
ACV_resumen_emisiones,B,2.0,N2O_ec14,8.253354594316543,0.0825335459431654,-8.170821048373377,-98.99999999999999
ACV_resumen_emisiones,B,2.0,N2O_ec16,4.044143751215106,0.040441437512151,-4.003702313702955,-98.99999999999999
ACV_resumen_emisiones,B,2.0,N2O_ec18,3.6314760214992794,0.0363147602149927,-3.5951612612842867,-99.0
ACV_resumen_emisiones,B,2.0,N2O_ec2,,,,
ACV_resumen_emisiones,B,2.0,N2O_ec5,,,,
ACV_resumen_emisiones,B,2.0,N2O_ec6,,,,
ACV_resumen_emisiones,B,2.0,NH3_ec12,,,,
ACV_resumen_emisiones,B,2.0,NH3_ec20,236.19412662766928,2.361941266276692,-233.8321853613926,-99.0
ACV_resumen_emisiones,B,2.0,NO3_ec13,,,,
ACV_resumen_emisiones,B,2.0,NO3_ec21,861.4138735832645,8.614138735832643,-852.7997348474319,-99.0
ACV_resumen_emisiones,B,2.0,masa_total_kg_eq,76557.26695,76557.26695,0.0,0.0
acv_impacto_por_etapa_escenario,A,1.0,ch4_total_kg,1.405241657133098,1.405241657133098,0.0,0.0
acv_impacto_por_etapa_escenario,A,1.0,co2_total_kg,0.0,0.0,0.0,
acv_impacto_por_etapa_escenario,A,1.0,impacto_calentamiento_global_kg_co2eq,21250.5632590867,241.72060664266405,-21008.842652444037,-98.86252141321805
acv_impacto_por_etapa_escenario,A,1.0,impacto_eutrofizacion_kg_po4eq,247.56760096956128,2.4756760096956123,-245.09192495986568,-99.0
acv_impacto_por_etapa_escenario,A,1.0,n2o_total_kg,68.45501027189323,0.6845501027189322,-67.7704601691743,-99.0
acv_impacto_por_etapa_escenario,A,1.0,nh3_total_kg,355.46023787859303,3.55460237878593,-351.9056354998071,-99.0
acv_impacto_por_etapa_escenario,A,1.0,no3_total_kg,1296.3843969689867,12.963843969689863,-1283.420552999297,-99.0
acv_impacto_por_etapa_escenario,A,2.0,ch4_total_kg,2.507384667511249,2.507384667511249,0.0,0.0
acv_impacto_por_etapa_escenario,A,2.0,co2_total_kg,33.65174159028255,33.65174159028255,0.0,0.0
acv_impacto_por_etapa_escenario,A,2.0,impacto_calentamiento_global_kg_co2eq,86.31085230736173,86.31085230736173,0.0,0.0
acv_impacto_por_etapa_escenario,A,2.0,impacto_eutrofizacion_kg_po4eq,0.0,0.0,0.0,
acv_impacto_por_etapa_escenario,A,2.0,n2o_total_kg,1.3008707557890596e-05,1.3008707557890596e-05,0.0,0.0
acv_impacto_por_etapa_escenario,A,2.0,nh3_total_kg,0.0,0.0,0.0,
acv_impacto_por_etapa_escenario,A,2.0,no3_total_kg,0.0,0.0,0.0,
acv_impacto_por_etapa_escenario,A,3.0,ch4_total_kg,5.641113467566541,5.641113467566541,0.0,0.0
acv_impacto_por_etapa_escenario,A,3.0,co2_total_kg,0.0,0.0,0.0,
acv_impacto_por_etapa_escenario,A,3.0,impacto_calentamiento_global_kg_co2eq,436.81561039764347,121.6469050946848,-315.16870530295864,-72.1514290700493
acv_impacto_por_etapa_escenario,A,3.0,impacto_eutrofizacion_kg_po4eq,19.462297388400188,0.1946229738840018,-19.267674414516186,-99.0
acv_impacto_por_etapa_escenario,A,3.0,n2o_total_kg,1.0269426696088584,0.0102694266960885,-1.0166732429127698,-99.0
acv_impacto_por_etapa_escenario,A,3.0,nh3_total_kg,27.94417699348,0.2794417699347999,-27.6647352235452,-99.0
acv_impacto_por_etapa_escenario,A,3.0,no3_total_kg,101.91405727033884,1.0191405727033882,-100.89491669763545,-99.0
acv_impacto_por_etapa_escenario,A,4.0,ch4_total_kg,0.0,0.0,0.0,
acv_impacto_por_etapa_escenario,A,4.0,co2_total_kg,0.0,0.0,0.0,
acv_impacto_por_etapa_escenario,A,4.0,impacto_calentamiento_global_kg_co2eq,2910.053781275362,29.1005378127536,-2880.953243462608,-98.99999999999999
acv_impacto_por_etapa_escenario,A,4.0,impacto_eutrofizacion_kg_po4eq,96.94454642609143,0.9694454642609144,-95.97510096183052,-99.0
acv_impacto_por_etapa_escenario,A,4.0,n2o_total_kg,9.387270262178587,0.0938727026217857,-9.293397559556801,-99.0
acv_impacto_por_etapa_escenario,A,4.0,nh3_total_kg,139.19402780773262,1.3919402780773262,-137.8020875296553,-99.0
acv_impacto_por_etapa_escenario,A,4.0,no3_total_kg,507.6488072987896,5.076488072987896,-502.5723192258017,-99.0
acv_impacto_por_etapa_escenario,B,1.0,ch4_total_kg,80.58733518133177,80.58733518133177,0.0,0.0
acv_impacto_por_etapa_escenario,B,1.0,co2_total_kg,0.0,0.0,0.0,
acv_impacto_por_etapa_escenario,B,1.0,impacto_calentamiento_global_kg_co2eq,6240.223000289737,1737.8129284227848,-4502.410071866952,-72.15142907004932
acv_impacto_por_etapa_escenario,B,1.0,impacto_eutrofizacion_kg_po4eq,278.0328195940979,2.780328195940978,-275.2524913981569,-99.0
acv_impacto_por_etapa_escenario,B,1.0,n2o_total_kg,14.670609553167,0.1467060955316699,-14.523903457635331,-99.0
acv_impacto_por_etapa_escenario,B,1.0,nh3_total_kg,399.2025281334175,3.992025281334175,-395.2105028520833,-99.0
acv_impacto_por_etapa_escenario,B,1.0,no3_total_kg,1455.9151026042289,14.559151026042285,-1441.3559515781867,-99.00000000000001
acv_impacto_por_etapa_escenario,B,2.0,ch4_total_kg,0.0,0.0,0.0,
acv_impacto_por_etapa_escenario,B,2.0,co2_total_kg,0.0,0.0,0.0,
acv_impacto_por_etapa_escenario,B,2.0,impacto_calentamiento_global_kg_co2eq,4937.982053779588,49.37982053779582,-4888.6022332417915,-99.0
acv_impacto_por_etapa_escenario,B,2.0,impacto_eutrofizacion_kg_po4eq,164.50226231009435,1.6450226231009433,-162.8572396869934,-99.0
acv_impacto_por_etapa_escenario,B,2.0,n2o_total_kg,15.928974367030929,0.1592897436703091,-15.76968462336062,-99.0
acv_impacto_por_etapa_escenario,B,2.0,nh3_total_kg,236.19412662766928,2.361941266276692,-233.8321853613926,-99.0
acv_impacto_por_etapa_escenario,B,2.0,no3_total_kg,861.4138735832645,8.614138735832643,-852.7997348474319,-99.0
acv_impacto_total_por_escenario,A,,impacto_calentamiento_global_kg_co2eq,24683.743503067068,478.7789018574642,-24204.964601209602,-98.06034728161077
acv_impacto_total_por_escenario,A,,impacto_eutrofizacion_kg_po4eq,363.9744447840529,3.639744447840529,-360.33470033621234,-99.0
acv_impacto_total_por_escenario,B,,impacto_calentamiento_global_kg_co2eq,11178.205054069324,1787.1927489605807,-9391.012305108743,-84.01180922772598
acv_impacto_total_por_escenario,B,,impacto_eutrofizacion_kg_po4eq,442.5350819041922,4.425350819041921,-438.1097310851503,-99.0
