corrida_python,escenario,etapa,origen_emision,flujo_python,especie_quimica,cantidad_elemental,unidad,compartimento_python,compartimento_referencia,subcompartimento_referencia,categoria_ef31,factor_python,unidad_factor_python,resultado_python_esperado,unidad_resultado,metodo,version,procedencias_python,alias_busqueda_simapro,incluir_en_simapro,electricidad_imn_excluida,procesos_fondo_excluidos,fuente_inventario_python,fuente_factor_python,fuente_oficial
PROVISIONAL M1–M2,A,A1: Precomposteo,manejo del estiércol,Methane biogenic,CH4,8.116596082143149,kg/año,air unspecified,aire,no especificado,Cambio climático,27.0,kg CO2-eq/kg CH4,219.148094217865,kg CO2-eq,Environmental Footprint,3.1,CH4_ec1,"Methane, biogenic; methane biogenic; CH4 biogenic",Sí,"Sí; es un resultado agregado, no un flujo elemental",Sí; no se modelan electricidad ni diésel de fondo,processed/acv_foreground_intercambio.csv,processed/acv_factores_equivalencia.csv,JRC130796 y EF-LCIAMethod_CF(EF-v3.1).xlsx
PROVISIONAL M1–M2,A,A1: Precomposteo,manejo del estiércol,Nitrous oxide,N2O,1.1238941488080951,kg/año,air unspecified,aire,no especificado,Cambio climático,273.0,kg CO2-eq/kg N2O,306.82310262461,kg CO2-eq,Environmental Footprint,3.1,N2O_ec2;N2O_ec5;N2O_ec6,Nitrous oxide; dinitrogen monoxide; N2O,Sí,"Sí; es un resultado agregado, no un flujo elemental",Sí; no se modelan electricidad ni diésel de fondo,processed/acv_foreground_intercambio.csv,processed/acv_factores_equivalencia.csv,JRC130796 y EF-LCIAMethod_CF(EF-v3.1).xlsx
PROVISIONAL M1–M2,A,A1: Precomposteo,manejo del estiércol,Ammonia,NH3,21.166982685714284,kg/año,air unspecified,aire,no especificado,Eutrofización marina,0.092,kg N-eq/kg NH3,1.947362407085714,kg N-eq,Environmental Footprint,3.1,NH3_ec12,Ammonia; NH3,Sí,"Sí; es un resultado agregado, no un flujo elemental",Sí; no se modelan electricidad ni diésel de fondo,processed/acv_foreground_intercambio.csv,processed/acv_factores_equivalencia.csv,EF-LCIAMethod_CF(EF-v3.1).xlsx
PROVISIONAL M1–M2,A,A1: Precomposteo,manejo del estiércol,Nitrate,NO3,3.859861548571429,kg/año,fresh water,agua,agua dulce,Eutrofización marina,0.226,kg N-eq/kg NO3,0.8723287099771431,kg N-eq,Environmental Footprint,3.1,NO3_ec13,Nitrate; NO3-; nitrate ion,Sí,"Sí; es un resultado agregado, no un flujo elemental",Sí; no se modelan electricidad ni diésel de fondo,processed/acv_foreground_intercambio.csv,processed/acv_factores_equivalencia.csv,EF-LCIAMethod_CF(EF-v3.1).xlsx
PROVISIONAL M1–M2,A,A1: Precomposteo,manejo del estiércol,Nitrogen oxides,NOx as NO2,1.7898551535714284,kg/año,air unspecified,aire,no especificado,Eutrofización marina,0.389,kg N-eq/kg NOx as NO2,0.6962536547392857,kg N-eq,Environmental Footprint,3.1,NOx_as_NO2,Nitrogen oxides; nitrogen oxides as NO2; NOx as NO2,Sí,"Sí; es un resultado agregado, no un flujo elemental",Sí; no se modelan electricidad ni diésel de fondo,processed/acv_foreground_intercambio.csv,processed/acv_factores_equivalencia.csv,EF-LCIAMethod_CF(EF-v3.1).xlsx
PROVISIONAL M1–M2,A,A1: Precomposteo,manejo del estiércol,Ammonia,NH3,21.166982685714284,kg/año,air unspecified,aire,no especificado,Eutrofización terrestre,13.47,mol N-eq/kg NH3,285.11925677657143,mol N-eq,Environmental Footprint,3.1,NH3_ec12,Ammonia; NH3,Sí,"Sí; es un resultado agregado, no un flujo elemental",Sí; no se modelan electricidad ni diésel de fondo,processed/acv_foreground_intercambio.csv,processed/acv_factores_equivalencia.csv,EF-LCIAMethod_CF(EF-v3.1).xlsx
PROVISIONAL M1–M2,A,A1: Precomposteo,manejo del estiércol,Nitrogen oxides,NOx as NO2,1.7898551535714284,kg/año,air unspecified,aire,no especificado,Eutrofización terrestre,4.26,mol N-eq/kg NOx as NO2,7.624782954214285,mol N-eq,Environmental Footprint,3.1,NOx_as_NO2,Nitrogen oxides; nitrogen oxides as NO2; NOx as NO2,Sí,"Sí; es un resultado agregado, no un flujo elemental",Sí; no se modelan electricidad ni diésel de fondo,processed/acv_foreground_intercambio.csv,processed/acv_factores_equivalencia.csv,EF-LCIAMethod_CF(EF-v3.1).xlsx
PROVISIONAL M1–M2,A,A2: Lombricompostaje,manejo del estiércol,Methane biogenic,CH4,4.631411857864032,kg/año,air unspecified,aire,no especificado,Cambio climático,27.0,kg CO2-eq/kg CH4,125.04812016232887,kg CO2-eq,Environmental Footprint,3.1,CH4_ec1,"Methane, biogenic; methane biogenic; CH4 biogenic",Sí,"Sí; es un resultado agregado, no un flujo elemental",Sí; no se modelan electricidad ni diésel de fondo,processed/acv_foreground_intercambio.csv,processed/acv_factores_equivalencia.csv,JRC130796 y EF-LCIAMethod_CF(EF-v3.1).xlsx
PROVISIONAL M1–M2,A,A2: Lombricompostaje,manejo del estiércol,Nitrous oxide,N2O,0.41775906052546097,kg/año,air unspecified,aire,no especificado,Cambio climático,273.0,kg CO2-eq/kg N2O,114.04822352345084,kg CO2-eq,Environmental Footprint,3.1,N2O_ec2;N2O_ec5,Nitrous oxide; dinitrogen monoxide; N2O,Sí,"Sí; es un resultado agregado, no un flujo elemental",Sí; no se modelan electricidad ni diésel de fondo,processed/acv_foreground_intercambio.csv,processed/acv_factores_equivalencia.csv,JRC130796 y EF-LCIAMethod_CF(EF-v3.1).xlsx
PROVISIONAL M1–M2,A,A2: Lombricompostaje,manejo del estiércol,Ammonia,NH3,0.0951035986816,kg/año,air unspecified,aire,no especificado,Eutrofización marina,0.092,kg N-eq/kg NH3,0.0087495310787072,kg N-eq,Environmental Footprint,3.1,NH3_ec12,Ammonia; NH3,Sí,"Sí; es un resultado agregado, no un flujo elemental",Sí; no se modelan electricidad ni diésel de fondo,processed/acv_foreground_intercambio.csv,processed/acv_factores_equivalencia.csv,EF-LCIAMethod_CF(EF-v3.1).xlsx
PROVISIONAL M1–M2,A,A2: Lombricompostaje,manejo del estiércol,Nitrogen oxides,NOx as NO2,0.6622464068214287,kg/año,air unspecified,aire,no especificado,Eutrofización marina,0.389,kg N-eq/kg NOx as NO2,0.2576138522535358,kg N-eq,Environmental Footprint,3.1,NOx_as_NO2,Nitrogen oxides; nitrogen oxides as NO2; NOx as NO2,Sí,"Sí; es un resultado agregado, no un flujo elemental",Sí; no se modelan electricidad ni diésel de fondo,processed/acv_foreground_intercambio.csv,processed/acv_factores_equivalencia.csv,EF-LCIAMethod_CF(EF-v3.1).xlsx
PROVISIONAL M1–M2,A,A2: Lombricompostaje,manejo del estiércol,Ammonia,NH3,0.0951035986816,kg/año,air unspecified,aire,no especificado,Eutrofización terrestre,13.47,mol N-eq/kg NH3,1.2810454742411521,mol N-eq,Environmental Footprint,3.1,NH3_ec12,Ammonia; NH3,Sí,"Sí; es un resultado agregado, no un flujo elemental",Sí; no se modelan electricidad ni diésel de fondo,processed/acv_foreground_intercambio.csv,processed/acv_factores_equivalencia.csv,EF-LCIAMethod_CF(EF-v3.1).xlsx
PROVISIONAL M1–M2,A,A2: Lombricompostaje,manejo del estiércol,Nitrogen oxides,NOx as NO2,0.6622464068214287,kg/año,air unspecified,aire,no especificado,Eutrofización terrestre,4.26,mol N-eq/kg NOx as NO2,2.8211696930592858,mol N-eq,Environmental Footprint,3.1,NOx_as_NO2,Nitrogen oxides; nitrogen oxides as NO2; NOx as NO2,Sí,"Sí; es un resultado agregado, no un flujo elemental",Sí; no se modelan electricidad ni diésel de fondo,processed/acv_foreground_intercambio.csv,processed/acv_factores_equivalencia.csv,EF-LCIAMethod_CF(EF-v3.1).xlsx
PROVISIONAL M1–M2,A,A3: Almacenamiento de aguas verdes,manejo del estiércol,Methane biogenic,CH4,61.62330176144752,kg/año,air unspecified,aire,no especificado,Cambio climático,27.0,kg CO2-eq/kg CH4,1663.8291475590831,kg CO2-eq,Environmental Footprint,3.1,CH4_ec1,"Methane, biogenic; methane biogenic; CH4 biogenic",Sí,"Sí; es un resultado agregado, no un flujo elemental",Sí; no se modelan electricidad ni diésel de fondo,processed/acv_foreground_intercambio.csv,processed/acv_factores_equivalencia.csv,JRC130796 y EF-LCIAMethod_CF(EF-v3.1).xlsx
PROVISIONAL M1–M2,A,A3: Almacenamiento de aguas verdes,manejo del estiércol,Nitrous oxide,N2O,0.1596910691879558,kg/año,air unspecified,aire,no especificado,Cambio climático,273.0,kg CO2-eq/kg N2O,43.59566188831194,kg CO2-eq,Environmental Footprint,3.1,N2O_ec5,Nitrous oxide; dinitrogen monoxide; N2O,Sí,"Sí; es un resultado agregado, no un flujo elemental",Sí; no se modelan electricidad ni diésel de fondo,processed/acv_foreground_intercambio.csv,processed/acv_factores_equivalencia.csv,JRC130796 y EF-LCIAMethod_CF(EF-v3.1).xlsx
PROVISIONAL M1–M2,A,A3: Almacenamiento de aguas verdes,manejo del estiércol,Ammonia,NH3,8.810593217892222,kg/año,air unspecified,aire,no especificado,Eutrofización marina,0.092,kg N-eq/kg NH3,0.8105745760460844,kg N-eq,Environmental Footprint,3.1,NH3_ec12,Ammonia; NH3,Sí,"Sí; es un resultado agregado, no un flujo elemental",Sí; no se modelan electricidad ni diésel de fondo,processed/acv_foreground_intercambio.csv,processed/acv_factores_equivalencia.csv,EF-LCIAMethod_CF(EF-v3.1).xlsx
PROVISIONAL M1–M2,A,A3: Almacenamiento de aguas verdes,manejo del estiércol,Nitrogen oxides,NOx as NO2,0.0095361714828951,kg/año,air unspecified,aire,no especificado,Eutrofización marina,0.389,kg N-eq/kg NOx as NO2,0.003709570706846194,kg N-eq,Environmental Footprint,3.1,NOx_as_NO2,Nitrogen oxides; nitrogen oxides as NO2; NOx as NO2,Sí,"Sí; es un resultado agregado, no un flujo elemental",Sí; no se modelan electricidad ni diésel de fondo,processed/acv_foreground_intercambio.csv,processed/acv_factores_equivalencia.csv,EF-LCIAMethod_CF(EF-v3.1).xlsx
PROVISIONAL M1–M2,A,A3: Almacenamiento de aguas verdes,manejo del estiércol,Ammonia,NH3,8.810593217892222,kg/año,air unspecified,aire,no especificado,Eutrofización terrestre,13.47,mol N-eq/kg NH3,118.67869064500825,mol N-eq,Environmental Footprint,3.1,NH3_ec12,Ammonia; NH3,Sí,"Sí; es un resultado agregado, no un flujo elemental",Sí; no se modelan electricidad ni diésel de fondo,processed/acv_foreground_intercambio.csv,processed/acv_factores_equivalencia.csv,EF-LCIAMethod_CF(EF-v3.1).xlsx
PROVISIONAL M1–M2,A,A3: Almacenamiento de aguas verdes,manejo del estiércol,Nitrogen oxides,NOx as NO2,0.0095361714828951,kg/año,air unspecified,aire,no especificado,Eutrofización terrestre,4.26,mol N-eq/kg NOx as NO2,0.04062409051713312,mol N-eq,Environmental Footprint,3.1,NOx_as_NO2,Nitrogen oxides; nitrogen oxides as NO2; NOx as NO2,Sí,"Sí; es un resultado agregado, no un flujo elemental",Sí; no se modelan electricidad ni diésel de fondo,processed/acv_foreground_intercambio.csv,processed/acv_factores_equivalencia.csv,EF-LCIAMethod_CF(EF-v3.1).xlsx
PROVISIONAL M1–M2,A,A4: Aplicación de aguas verdes en campos de pastoreo,combustión operacional de diésel,Carbon dioxide (fossil),CO2,476.8725,kg/año,air unspecified,aire,no especificado,Cambio climático,1.0,kg CO2-eq/kg CO2,476.8725,kg CO2-eq,Environmental Footprint,3.1,co2_fosil_diesel_kg,"Carbon dioxide, fossil; carbon dioxide (fossil); CO2 fossil",Sí,"Sí; es un resultado agregado, no un flujo elemental",Sí; no se modelan electricidad ni diésel de fondo,processed/acv_foreground_intercambio.csv,processed/acv_factores_equivalencia.csv,"JRC130796, sección 3.1, tabla 3, p. 9; https://publications.jrc.ec.europa.eu/repository/bitstream/JRC130796/JRC130796_01.pdf"
PROVISIONAL M1–M2,A,A4: Aplicación de aguas verdes en campos de pastoreo,combustión operacional de diésel,Methane (fossil),CH4,0.069715,kg/año,air unspecified,aire,no especificado,Cambio climático,29.8,kg CO2-eq/kg CH4,2.077507,kg CO2-eq,Environmental Footprint,3.1,ch4_fosil_diesel_kg,"Methane, fossil; methane (fossil); CH4 fossil",Sí,"Sí; es un resultado agregado, no un flujo elemental",Sí; no se modelan electricidad ni diésel de fondo,processed/acv_foreground_intercambio.csv,processed/acv_factores_equivalencia.csv,"JRC130796, sección 3.1, tabla 3, p. 9; https://publications.jrc.ec.europa.eu/repository/bitstream/JRC130796/JRC130796_01.pdf"
PROVISIONAL M1–M2,A,A4: Aplicación de aguas verdes en campos de pastoreo,combustión operacional de diésel,Nitrous oxide,N2O,0.0044566499999999,kg/año,air unspecified,aire,no especificado,Cambio climático,273.0,kg CO2-eq/kg N2O,1.2166654499999727,kg CO2-eq,Environmental Footprint,3.1,n2o_combustion_diesel_kg,Nitrous oxide; dinitrogen monoxide; N2O,Sí,"Sí; es un resultado agregado, no un flujo elemental",Sí; no se modelan electricidad ni diésel de fondo,processed/acv_foreground_intercambio.csv,processed/acv_factores_equivalencia.csv,JRC130796 y EF-LCIAMethod_CF(EF-v3.1).xlsx
PROVISIONAL M1–M2,A,A4: Aplicación de aguas verdes en campos de pastoreo,manejo del estiércol,Nitrous oxide,N2O,0.7884450457452208,kg/año,air unspecified,aire,no especificado,Cambio climático,273.0,kg CO2-eq/kg N2O,215.24549748844527,kg CO2-eq,Environmental Footprint,3.1,N2O_ec14;N2O_ec16;N2O_ec18,Nitrous oxide; dinitrogen monoxide; N2O,Sí,"Sí; es un resultado agregado, no un flujo elemental",Sí; no se modelan electricidad ni diésel de fondo,processed/acv_foreground_intercambio.csv,processed/acv_factores_equivalencia.csv,JRC130796 y EF-LCIAMethod_CF(EF-v3.1).xlsx
PROVISIONAL M1–M2,A,A4: Aplicación de aguas verdes en campos de pastoreo,manejo del estiércol,Ammonia,NH3,14.477390563776146,kg/año,air unspecified,aire,no especificado,Eutrofización marina,0.092,kg N-eq/kg NH3,1.3319199318674053,kg N-eq,Environmental Footprint,3.1,NH3_ec20,Ammonia; NH3,Sí,"Sí; es un resultado agregado, no un flujo elemental",Sí; no se modelan electricidad ni diésel de fondo,processed/acv_foreground_intercambio.csv,processed/acv_factores_equivalencia.csv,EF-LCIAMethod_CF(EF-v3.1).xlsx
PROVISIONAL M1–M2,A,A4: Aplicación de aguas verdes en campos de pastoreo,manejo del estiércol,Nitrate,NO3,40.391640117995344,kg/año,fresh water,agua,agua dulce,Eutrofización marina,0.226,kg N-eq/kg NO3,9.128510666666948,kg N-eq,Environmental Footprint,3.1,NO3_ec21,Nitrate; NO3-; nitrate ion,Sí,"Sí; es un resultado agregado, no un flujo elemental",Sí; no se modelan electricidad ni diésel de fondo,processed/acv_foreground_intercambio.csv,processed/acv_factores_equivalencia.csv,EF-LCIAMethod_CF(EF-v3.1).xlsx
PROVISIONAL M1–M2,A,A4: Aplicación de aguas verdes en campos de pastoreo,manejo del estiércol,Nitrogen oxides,NOx as NO2,1.5201154883116528,kg/año,air unspecified,aire,no especificado,Eutrofización marina,0.389,kg N-eq/kg NOx as NO2,0.591324924953233,kg N-eq,Environmental Footprint,3.1,NOx_as_NO2,Nitrogen oxides; nitrogen oxides as NO2; NOx as NO2,Sí,"Sí; es un resultado agregado, no un flujo elemental",Sí; no se modelan electricidad ni diésel de fondo,processed/acv_foreground_intercambio.csv,processed/acv_factores_equivalencia.csv,EF-LCIAMethod_CF(EF-v3.1).xlsx
PROVISIONAL M1–M2,A,A4: Aplicación de aguas verdes en campos de pastoreo,manejo del estiércol,Ammonia,NH3,14.477390563776146,kg/año,air unspecified,aire,no especificado,Eutrofización terrestre,13.47,mol N-eq/kg NH3,195.0104508940647,mol N-eq,Environmental Footprint,3.1,NH3_ec20,Ammonia; NH3,Sí,"Sí; es un resultado agregado, no un flujo elemental",Sí; no se modelan electricidad ni diésel de fondo,processed/acv_foreground_intercambio.csv,processed/acv_factores_equivalencia.csv,EF-LCIAMethod_CF(EF-v3.1).xlsx
PROVISIONAL M1–M2,A,A4: Aplicación de aguas verdes en campos de pastoreo,manejo del estiércol,Nitrogen oxides,NOx as NO2,1.5201154883116528,kg/año,air unspecified,aire,no especificado,Eutrofización terrestre,4.26,mol N-eq/kg NOx as NO2,6.475691980207641,mol N-eq,Environmental Footprint,3.1,NOx_as_NO2,Nitrogen oxides; nitrogen oxides as NO2; NOx as NO2,Sí,"Sí; es un resultado agregado, no un flujo elemental",Sí; no se modelan electricidad ni diésel de fondo,processed/acv_foreground_intercambio.csv,processed/acv_factores_equivalencia.csv,EF-LCIAMethod_CF(EF-v3.1).xlsx
PROVISIONAL M1–M2,B,B1: Almacenamiento de purines,manejo del estiércol,Methane biogenic,CH4,184.99556221002345,kg/año,air unspecified,aire,no especificado,Cambio climático,27.0,kg CO2-eq/kg CH4,4994.880179670633,kg CO2-eq,Environmental Footprint,3.1,CH4_ec1,"Methane, biogenic; methane biogenic; CH4 biogenic",Sí,"Sí; es un resultado agregado, no un flujo elemental",Sí; no se modelan electricidad ni diésel de fondo,processed/acv_foreground_intercambio.csv,processed/acv_factores_equivalencia.csv,JRC130796 y EF-LCIAMethod_CF(EF-v3.1).xlsx
PROVISIONAL M1–M2,B,B1: Almacenamiento de purines,manejo del estiércol,Nitrous oxide,N2O,0.4793988358284892,kg/año,air unspecified,aire,no especificado,Cambio climático,273.0,kg CO2-eq/kg N2O,130.87588218117756,kg CO2-eq,Environmental Footprint,3.1,N2O_ec5,Nitrous oxide; dinitrogen monoxide; N2O,Sí,"Sí; es un resultado agregado, no un flujo elemental",Sí; no se modelan electricidad ni diésel de fondo,processed/acv_foreground_intercambio.csv,processed/acv_factores_equivalencia.csv,JRC130796 y EF-LCIAMethod_CF(EF-v3.1).xlsx
PROVISIONAL M1–M2,B,B1: Almacenamiento de purines,manejo del estiércol,Ammonia,NH3,26.449745455987465,kg/año,air unspecified,aire,no especificado,Eutrofización marina,0.092,kg N-eq/kg NH3,2.4333765819508466,kg N-eq,Environmental Footprint,3.1,NH3_ec12,Ammonia; NH3,Sí,"Sí; es un resultado agregado, no un flujo elemental",Sí; no se modelan electricidad ni diésel de fondo,processed/acv_foreground_intercambio.csv,processed/acv_factores_equivalencia.csv,EF-LCIAMethod_CF(EF-v3.1).xlsx
PROVISIONAL M1–M2,B,B1: Almacenamiento de purines,manejo del estiércol,Nitrogen oxides,NOx as NO2,0.028627959787657,kg/año,air unspecified,aire,no especificado,Eutrofización marina,0.389,kg N-eq/kg NOx as NO2,0.011136276357398573,kg N-eq,Environmental Footprint,3.1,NOx_as_NO2,Nitrogen oxides; nitrogen oxides as NO2; NOx as NO2,Sí,"Sí; es un resultado agregado, no un flujo elemental",Sí; no se modelan electricidad ni diésel de fondo,processed/acv_foreground_intercambio.csv,processed/acv_factores_equivalencia.csv,EF-LCIAMethod_CF(EF-v3.1).xlsx
PROVISIONAL M1–M2,B,B1: Almacenamiento de purines,manejo del estiércol,Ammonia,NH3,26.449745455987465,kg/año,air unspecified,aire,no especificado,Eutrofización terrestre,13.47,mol N-eq/kg NH3,356.27807129215114,mol N-eq,Environmental Footprint,3.1,NH3_ec12,Ammonia; NH3,Sí,"Sí; es un resultado agregado, no un flujo elemental",Sí; no se modelan electricidad ni diésel de fondo,processed/acv_foreground_intercambio.csv,processed/acv_factores_equivalencia.csv,EF-LCIAMethod_CF(EF-v3.1).xlsx
PROVISIONAL M1–M2,B,B1: Almacenamiento de purines,manejo del estiércol,Nitrogen oxides,NOx as NO2,0.028627959787657,kg/año,air unspecified,aire,no especificado,Eutrofización terrestre,4.26,mol N-eq/kg NOx as NO2,0.12195510869541881,mol N-eq,Environmental Footprint,3.1,NOx_as_NO2,Nitrogen oxides; nitrogen oxides as NO2; NOx as NO2,Sí,"Sí; es un resultado agregado, no un flujo elemental",Sí; no se modelan electricidad ni diésel de fondo,processed/acv_foreground_intercambio.csv,processed/acv_factores_equivalencia.csv,EF-LCIAMethod_CF(EF-v3.1).xlsx
PROVISIONAL M1–M2,B,B2: Aplicación de purines en campo de pastoreo,combustión operacional de diésel,Carbon dioxide (fossil),CO2,476.8725,kg/año,air unspecified,aire,no especificado,Cambio climático,1.0,kg CO2-eq/kg CO2,476.8725,kg CO2-eq,Environmental Footprint,3.1,co2_fosil_diesel_kg,"Carbon dioxide, fossil; carbon dioxide (fossil); CO2 fossil",Sí,"Sí; es un resultado agregado, no un flujo elemental",Sí; no se modelan electricidad ni diésel de fondo,processed/acv_foreground_intercambio.csv,processed/acv_factores_equivalencia.csv,"JRC130796, sección 3.1, tabla 3, p. 9; https://publications.jrc.ec.europa.eu/repository/bitstream/JRC130796/JRC130796_01.pdf"
PROVISIONAL M1–M2,B,B2: Aplicación de purines en campo de pastoreo,combustión operacional de diésel,Methane (fossil),CH4,0.069715,kg/año,air unspecified,aire,no especificado,Cambio climático,29.8,kg CO2-eq/kg CH4,2.077507,kg CO2-eq,Environmental Footprint,3.1,ch4_fosil_diesel_kg,"Methane, fossil; methane (fossil); CH4 fossil",Sí,"Sí; es un resultado agregado, no un flujo elemental",Sí; no se modelan electricidad ni diésel de fondo,processed/acv_foreground_intercambio.csv,processed/acv_factores_equivalencia.csv,"JRC130796, sección 3.1, tabla 3, p. 9; https://publications.jrc.ec.europa.eu/repository/bitstream/JRC130796/JRC130796_01.pdf"
PROVISIONAL M1–M2,B,B2: Aplicación de purines en campo de pastoreo,combustión operacional de diésel,Nitrous oxide,N2O,0.0044566499999999,kg/año,air unspecified,aire,no especificado,Cambio climático,273.0,kg CO2-eq/kg N2O,1.2166654499999727,kg CO2-eq,Environmental Footprint,3.1,n2o_combustion_diesel_kg,Nitrous oxide; dinitrogen monoxide; N2O,Sí,"Sí; es un resultado agregado, no un flujo elemental",Sí; no se modelan electricidad ni diésel de fondo,processed/acv_foreground_intercambio.csv,processed/acv_factores_equivalencia.csv,JRC130796 y EF-LCIAMethod_CF(EF-v3.1).xlsx
PROVISIONAL M1–M2,B,B2: Aplicación de purines en campo de pastoreo,manejo del estiércol,Nitrous oxide,N2O,2.3669428664173946,kg/año,air unspecified,aire,no especificado,Cambio climático,273.0,kg CO2-eq/kg N2O,646.1754025319487,kg CO2-eq,Environmental Footprint,3.1,N2O_ec14;N2O_ec16;N2O_ec18,Nitrous oxide; dinitrogen monoxide; N2O,Sí,"Sí; es un resultado agregado, no un flujo elemental",Sí; no se modelan electricidad ni diésel de fondo,processed/acv_foreground_intercambio.csv,processed/acv_factores_equivalencia.csv,JRC130796 y EF-LCIAMethod_CF(EF-v3.1).xlsx
PROVISIONAL M1–M2,B,B2: Aplicación de purines en campo de pastoreo,manejo del estiércol,Ammonia,NH3,43.461692738369486,kg/año,air unspecified,aire,no especificado,Eutrofización marina,0.092,kg N-eq/kg NH3,3.9984757319299926,kg N-eq,Environmental Footprint,3.1,NH3_ec20,Ammonia; NH3,Sí,"Sí; es un resultado agregado, no un flujo elemental",Sí; no se modelan electricidad ni diésel de fondo,processed/acv_foreground_intercambio.csv,processed/acv_factores_equivalencia.csv,EF-LCIAMethod_CF(EF-v3.1).xlsx
PROVISIONAL M1–M2,B,B2: Aplicación de purines en campo de pastoreo,manejo del estiércol,Nitrate,NO3,121.2572835051862,kg/año,fresh water,agua,agua dulce,Eutrofización marina,0.226,kg N-eq/kg NO3,27.404146072172082,kg N-eq,Environmental Footprint,3.1,NO3_ec21,Nitrate; NO3-; nitrate ion,Sí,"Sí; es un resultado agregado, no un flujo elemental",Sí; no se modelan electricidad ni diésel de fondo,processed/acv_foreground_intercambio.csv,processed/acv_factores_equivalencia.csv,EF-LCIAMethod_CF(EF-v3.1).xlsx
PROVISIONAL M1–M2,B,B2: Aplicación de purines en campo de pastoreo,manejo del estiércol,Nitrogen oxides,NOx as NO2,4.563446153420987,kg/año,air unspecified,aire,no especificado,Eutrofización marina,0.389,kg N-eq/kg NOx as NO2,1.7751805536807639,kg N-eq,Environmental Footprint,3.1,NOx_as_NO2,Nitrogen oxides; nitrogen oxides as NO2; NOx as NO2,Sí,"Sí; es un resultado agregado, no un flujo elemental",Sí; no se modelan electricidad ni diésel de fondo,processed/acv_foreground_intercambio.csv,processed/acv_factores_equivalencia.csv,EF-LCIAMethod_CF(EF-v3.1).xlsx
PROVISIONAL M1–M2,B,B2: Aplicación de purines en campo de pastoreo,manejo del estiércol,Ammonia,NH3,43.461692738369486,kg/año,air unspecified,aire,no especificado,Eutrofización terrestre,13.47,mol N-eq/kg NH3,585.429001185837,mol N-eq,Environmental Footprint,3.1,NH3_ec20,Ammonia; NH3,Sí,"Sí; es un resultado agregado, no un flujo elemental",Sí; no se modelan electricidad ni diésel de fondo,processed/acv_foreground_intercambio.csv,processed/acv_factores_equivalencia.csv,EF-LCIAMethod_CF(EF-v3.1).xlsx
PROVISIONAL M1–M2,B,B2: Aplicación de purines en campo de pastoreo,manejo del estiércol,Nitrogen oxides,NOx as NO2,4.563446153420987,kg/año,air unspecified,aire,no especificado,Eutrofización terrestre,4.26,mol N-eq/kg NOx as NO2,19.440280613573403,mol N-eq,Environmental Footprint,3.1,NOx_as_NO2,Nitrogen oxides; nitrogen oxides as NO2; NOx as NO2,Sí,"Sí; es un resultado agregado, no un flujo elemental",Sí; no se modelan electricidad ni diésel de fondo,processed/acv_foreground_intercambio.csv,processed/acv_factores_equivalencia.csv,EF-LCIAMethod_CF(EF-v3.1).xlsx
