id_caso,flujo_python,especie_quimica,cantidad_entrada,unidad_entrada,compartimento_python,compartimento_referencia,subcompartimento_referencia,categoria_ef31,factor_python,unidad_factor_python,resultado_python_esperado,unidad_resultado,metodo_python,version_python,formula_python,fuente_factor_python,referencia_factor,implementacion_python,alias_busqueda_simapro,alcance,fecha_verificacion,investigador,version_simapro,nombre_metodo_simapro,version_metodo_simapro,configuracion_metodo_simapro,nombre_flujo_simapro,unidad_simapro,compartimento_simapro,subcompartimento_simapro,categoria_simapro,factor_simapro_observado,resultado_simapro_observado,diferencia_absoluta,diferencia_relativa,clasificacion_A_H,diferencia_nomenclatura,evidencia_conservada,observaciones
EF31-U01,Methane biogenic,CH4,1.0,kg,air unspecified,aire,no especificado,Cambio climático,27.0,kg CO2-eq/kg CH4,27.0,kg CO2-eq,Environmental Footprint,3.1,resultado = cantidad elemental × factor de caracterización,processed/acv_factores_equivalencia.csv,JRC130796 y EF-LCIAMethod_CF(EF-v3.1).xlsx,scripts/compute_acv_impact_equivalents.py,"Methane, biogenic; methane biogenic; CH4 biogenic",emisión elemental del inventario,,,,,,,,,,,,,,,,,,,
EF31-U02,Nitrous oxide,N2O,1.0,kg,air unspecified,aire,no especificado,Cambio climático,273.0,kg CO2-eq/kg N2O,273.0,kg CO2-eq,Environmental Footprint,3.1,resultado = cantidad elemental × factor de caracterización,processed/acv_factores_equivalencia.csv,JRC130796 y EF-LCIAMethod_CF(EF-v3.1).xlsx,scripts/compute_acv_impact_equivalents.py,Nitrous oxide; dinitrogen monoxide; N2O,emisión elemental del inventario,,,,,,,,,,,,,,,,,,,
EF31-U03,Ammonia,NH3,1.0,kg,air unspecified,aire,no especificado,Eutrofización terrestre,13.47,mol N-eq/kg NH3,13.47,mol N-eq,Environmental Footprint,3.1,resultado = cantidad elemental × factor de caracterización,processed/acv_factores_equivalencia.csv,EF-LCIAMethod_CF(EF-v3.1).xlsx,scripts/compute_acv_impact_equivalents.py,Ammonia; NH3,emisión elemental del inventario,,,,,,,,,,,,,,,,,,,
EF31-U04,Ammonia,NH3,1.0,kg,air unspecified,aire,no especificado,Eutrofización marina,0.092,kg N-eq/kg NH3,0.092,kg N-eq,Environmental Footprint,3.1,resultado = cantidad elemental × factor de caracterización,processed/acv_factores_equivalencia.csv,EF-LCIAMethod_CF(EF-v3.1).xlsx,scripts/compute_acv_impact_equivalents.py,Ammonia; NH3,emisión elemental del inventario,,,,,,,,,,,,,,,,,,,
EF31-U05,Nitrogen oxides,NOx as NO2,1.0,kg,air unspecified,aire,no especificado,Eutrofización terrestre,4.26,mol N-eq/kg NOx as NO2,4.26,mol N-eq,Environmental Footprint,3.1,resultado = cantidad elemental × factor de caracterización,processed/acv_factores_equivalencia.csv,EF-LCIAMethod_CF(EF-v3.1).xlsx,scripts/compute_acv_impact_equivalents.py,Nitrogen oxides; nitrogen oxides as NO2; NOx as NO2,emisión elemental del inventario,,,,,,,,,,,,,,,,,,,
EF31-U06,Nitrogen oxides,NOx as NO2,1.0,kg,air unspecified,aire,no especificado,Eutrofización marina,0.389,kg N-eq/kg NOx as NO2,0.389,kg N-eq,Environmental Footprint,3.1,resultado = cantidad elemental × factor de caracterización,processed/acv_factores_equivalencia.csv,EF-LCIAMethod_CF(EF-v3.1).xlsx,scripts/compute_acv_impact_equivalents.py,Nitrogen oxides; nitrogen oxides as NO2; NOx as NO2,emisión elemental del inventario,,,,,,,,,,,,,,,,,,,
EF31-U07,Nitrate,NO3,1.0,kg,fresh water,agua,agua dulce,Eutrofización marina,0.226,kg N-eq/kg NO3,0.226,kg N-eq,Environmental Footprint,3.1,resultado = cantidad elemental × factor de caracterización,processed/acv_factores_equivalencia.csv,EF-LCIAMethod_CF(EF-v3.1).xlsx,scripts/compute_acv_impact_equivalents.py,Nitrate; NO3-; nitrate ion,emisión elemental del inventario,,,,,,,,,,,,,,,,,,,
EF31-U08,Carbon dioxide (fossil),CO2,1.0,kg,air unspecified,aire,no especificado,Cambio climático,1.0,kg CO2-eq/kg CO2,1.0,kg CO2-eq,Environmental Footprint,3.1,resultado = cantidad elemental × factor de caracterización,processed/acv_factores_equivalencia.csv,"JRC130796, sección 3.1, tabla 3, p. 9; https://publications.jrc.ec.europa.eu/repository/bitstream/JRC130796/JRC130796_01.pdf",scripts/compute_acv_impact_equivalents.py,"Carbon dioxide, fossil; carbon dioxide (fossil); CO2 fossil",emisión elemental de combustión de diésel,,,,,,,,,,,,,,,,,,,
EF31-U09,Methane (fossil),CH4,1.0,kg,air unspecified,aire,no especificado,Cambio climático,29.8,kg CO2-eq/kg CH4,29.8,kg CO2-eq,Environmental Footprint,3.1,resultado = cantidad elemental × factor de caracterización,processed/acv_factores_equivalencia.csv,"JRC130796, sección 3.1, tabla 3, p. 9; https://publications.jrc.ec.europa.eu/repository/bitstream/JRC130796/JRC130796_01.pdf",scripts/compute_acv_impact_equivalents.py,"Methane, fossil; methane (fossil); CH4 fossil",emisión elemental de combustión de diésel,,,,,,,,,,,,,,,,,,,
